date,flight_id,origin,destination,scheduled_minutes,departure_delay_min,arrival_delay_min,cancelled,delay_cause,passengers,load_factor,route
2026-06-01,LH1103,AMS,MUC,137,36.0,38.0,False,No delay,153,0.903,AMS-MUC
2026-06-01,LH1302,AMS,MUC,97,30.0,32.0,False,ATC,85,0.955,AMS-MUC
2026-06-01,LH1380,VIE,HAM,181,0.0,0.0,False,No delay,99,0.887,VIE-HAM
2026-06-01,LH1409,ZRH,MUC,75,35.0,40.0,False,Weather,131,0.802,ZRH-MUC
2026-06-01,LH1464,DUS,FRA,182,0.0,0.0,False,No delay,162,0.818,DUS-FRA
2026-06-01,LH1574,AMS,VIE,177,20.0,14.0,False,No delay,159,0.938,AMS-VIE
2026-06-01,LH1706,MUC,HAM,192,46.0,47.0,False,Ground handling,187,0.773,MUC-HAM
2026-06-01,LH1772,BER,VIE,153,30.0,32.0,False,No delay,149,0.802,BER-VIE
2026-06-01,LH1789,FRA,BER,148,0.0,19.0,False,No delay,114,0.843,FRA-BER
2026-06-01,LH1800,BER,ZRH,112,53.0,56.0,False,ATC,84,0.908,BER-ZRH
2026-06-01,LH1838,FRA,MUC,160,0.0,0.0,False,No delay,131,0.83,FRA-MUC
2026-06-01,LH1844,MUC,HAM,109,24.0,19.0,False,No delay,169,0.821,MUC-HAM
2026-06-01,LH1845,AMS,FRA,77,13.0,15.0,False,No delay,202,0.826,AMS-FRA
2026-06-01,LH1888,HAM,VIE,74,16.0,22.0,False,Late inbound,119,0.668,HAM-VIE
2026-06-02,LH1137,FRA,DUS,65,21.0,20.0,False,ATC,198,0.822,FRA-DUS
2026-06-02,LH1169,FRA,MUC,127,28.0,26.0,False,Ground handling,85,0.97,FRA-MUC
2026-06-02,LH1232,ZRH,FRA,132,30.0,33.0,False,Late inbound,199,0.705,ZRH-FRA
2026-06-02,LH1271,VIE,AMS,59,13.0,12.0,False,No delay,166,0.819,VIE-AMS
2026-06-02,LH1299,DUS,MUC,186,12.0,0.0,False,No delay,80,0.985,DUS-MUC
2026-06-02,LH1368,AMS,FRA,95,13.0,25.0,False,Ground handling,190,0.567,AMS-FRA
2026-06-02,LH1384,HAM,VIE,107,39.0,51.0,False,No delay,157,0.865,HAM-VIE
2026-06-02,LH1414,AMS,FRA,177,38.0,39.0,False,Late inbound,156,0.81,AMS-FRA
2026-06-02,LH1428,VIE,BER,165,,,True,Weather,126,0.867,VIE-BER
2026-06-02,LH1453,AMS,DUS,155,12.0,18.0,False,Late inbound,112,0.955,AMS-DUS
2026-06-02,LH1477,ZRH,FRA,146,35.0,21.0,False,Weather,214,0.877,ZRH-FRA
2026-06-02,LH1539,AMS,FRA,58,,,True,Weather,105,0.882,AMS-FRA
2026-06-02,LH1786,HAM,BER,148,26.0,24.0,False,Technical,85,0.843,HAM-BER
2026-06-02,LH1820,FRA,ZRH,195,15.0,10.0,False,No delay,219,0.937,FRA-ZRH
2026-06-02,LH1829,FRA,MUC,98,0.0,0.0,False,No delay,74,0.959,FRA-MUC
2026-06-03,LH1055,DUS,ZRH,120,18.0,27.0,False,Weather,205,0.712,DUS-ZRH
2026-06-03,LH1116,HAM,BER,144,12.0,3.0,False,No delay,102,0.742,HAM-BER
2026-06-03,LH1146,MUC,FRA,108,0.0,0.0,False,No delay,117,0.663,MUC-FRA
2026-06-03,LH1249,ZRH,VIE,85,40.0,20.0,False,ATC,87,0.807,ZRH-VIE
2026-06-03,LH1327,AMS,VIE,167,22.0,18.0,False,Late inbound,119,0.923,AMS-VIE
2026-06-03,LH1351,HAM,BER,135,4.0,12.0,False,No delay,199,0.887,HAM-BER
2026-06-03,LH1396,BER,ZRH,103,8.0,11.0,False,No delay,200,0.767,BER-ZRH
2026-06-03,LH1561,BER,ZRH,172,0.0,6.0,False,No delay,141,0.695,BER-ZRH
2026-06-03,LH1573,MUC,HAM,88,9.0,3.0,False,No delay,164,0.99,MUC-HAM
2026-06-03,LH1662,MUC,HAM,150,0.0,0.0,False,No delay,172,0.99,MUC-HAM
2026-06-03,LH1810,BER,AMS,91,0.0,0.0,False,No delay,172,0.773,BER-AMS
2026-06-03,LH1816,VIE,AMS,72,0.0,5.0,False,No delay,137,0.778,VIE-AMS
2026-06-03,LH1843,FRA,HAM,74,12.0,7.0,False,No delay,207,0.827,FRA-HAM
2026-06-03,LH1869,MUC,AMS,192,0.0,0.0,False,No delay,121,0.795,MUC-AMS
2026-06-04,LH1035,AMS,MUC,176,0.0,0.0,False,No delay,218,0.785,AMS-MUC
2026-06-04,LH1149,FRA,BER,84,38.0,42.0,False,Late inbound,108,0.851,FRA-BER
2026-06-04,LH1278,BER,AMS,94,19.0,35.0,False,No delay,80,0.882,BER-AMS
2026-06-04,LH1517,HAM,BER,78,0.0,0.0,False,No delay,185,0.897,HAM-BER
2026-06-04,LH1541,DUS,HAM,115,0.0,0.0,False,No delay,201,0.82,DUS-HAM
2026-06-04,LH1545,FRA,BER,105,0.0,3.0,False,No delay,162,0.75,FRA-BER
2026-06-04,LH1583,FRA,HAM,173,0.0,0.0,False,No delay,74,0.944,FRA-HAM
2026-06-04,LH1618,HAM,BER,61,,,True,Weather,102,0.873,HAM-BER
2026-06-04,LH1698,ZRH,FRA,118,0.0,0.0,False,No delay,92,0.785,ZRH-FRA
2026-06-04,LH1847,HAM,ZRH,120,0.0,8.0,False,No delay,195,0.757,HAM-ZRH
2026-06-04,LH1857,DUS,BER,204,0.0,0.0,False,No delay,104,0.985,DUS-BER
2026-06-04,LH1886,MUC,DUS,78,,,True,Weather,140,0.972,MUC-DUS
2026-06-04,LH1897,MUC,HAM,118,0.0,0.0,False,No delay,136,0.846,MUC-HAM
2026-06-05,LH1044,MUC,VIE,143,44.0,46.0,False,Weather,183,0.786,MUC-VIE
2026-06-05,LH1068,AMS,FRA,192,0.0,0.0,False,No delay,162,0.912,AMS-FRA
2026-06-05,LH1126,FRA,BER,78,30.0,24.0,False,No delay,102,0.954,FRA-BER
2026-06-05,LH1216,AMS,HAM,90,24.0,13.0,False,No delay,70,0.848,AMS-HAM
2026-06-05,LH1279,FRA,MUC,170,18.0,16.0,False,Late inbound,181,0.796,FRA-MUC
2026-06-05,LH1386,AMS,BER,152,16.0,7.0,False,No delay,93,0.854,AMS-BER
2026-06-05,LH1438,ZRH,HAM,111,26.0,33.0,False,ATC,116,0.797,ZRH-HAM
2026-06-05,LH1658,AMS,HAM,114,0.0,7.0,False,No delay,173,0.827,AMS-HAM
2026-06-05,LH1898,HAM,MUC,110,10.0,10.0,False,No delay,91,0.771,HAM-MUC
2026-06-06,LH1000,FRA,AMS,143,13.0,16.0,False,ATC,145,0.726,FRA-AMS
2026-06-06,LH1006,HAM,FRA,158,0.0,0.0,False,No delay,137,0.934,HAM-FRA
2026-06-06,LH1009,FRA,AMS,169,0.0,4.0,False,No delay,159,0.815,FRA-AMS
2026-06-06,LH1032,BER,DUS,169,31.0,28.0,False,Weather,132,0.837,BER-DUS
2026-06-06,LH1086,DUS,VIE,186,37.0,43.0,False,Ground handling,183,0.891,DUS-VIE
2026-06-06,LH1132,VIE,ZRH,155,0.0,0.0,False,No delay,145,0.908,VIE-ZRH
2026-06-06,LH1171,MUC,AMS,201,13.0,7.0,False,No delay,123,0.876,MUC-AMS
2026-06-06,LH1195,FRA,VIE,201,1.0,0.0,False,No delay,114,0.795,FRA-VIE
2026-06-06,LH1217,DUS,VIE,74,6.0,1.0,False,No delay,72,0.858,DUS-VIE
2026-06-06,LH1242,AMS,VIE,155,32.0,16.0,False,No delay,161,0.915,AMS-VIE
2026-06-06,LH1245,HAM,AMS,110,17.0,30.0,False,Late inbound,181,0.876,HAM-AMS
2026-06-06,LH1358,DUS,ZRH,159,0.0,0.0,False,No delay,85,0.83,DUS-ZRH
2026-06-06,LH1375,VIE,ZRH,63,7.0,2.0,False,No delay,122,0.801,VIE-ZRH
2026-06-06,LH1430,HAM,VIE,179,10.0,24.0,False,Ground handling,99,0.734,HAM-VIE
2026-06-06,LH1580,MUC,VIE,111,21.0,4.0,False,No delay,192,0.854,MUC-VIE
2026-06-06,LH1587,FRA,AMS,110,28.0,38.0,False,Weather,189,0.796,FRA-AMS
2026-06-06,LH1673,ZRH,MUC,165,0.0,1.0,False,No delay,145,0.971,ZRH-MUC
2026-06-06,LH1677,ZRH,MUC,109,0.0,0.0,False,No delay,183,0.748,ZRH-MUC
2026-06-06,LH1694,VIE,HAM,141,20.0,8.0,False,No delay,74,0.73,VIE-HAM
2026-06-06,LH1699,VIE,AMS,104,11.0,15.0,False,No delay,76,0.858,VIE-AMS
2026-06-06,LH1727,DUS,AMS,116,35.0,26.0,False,No delay,117,0.801,DUS-AMS
2026-06-06,LH1752,FRA,MUC,188,28.0,6.0,False,No delay,110,0.837,FRA-MUC
2026-06-06,LH1790,ZRH,FRA,89,0.0,0.0,False,No delay,78,0.908,ZRH-FRA
2026-06-06,LH1825,ZRH,DUS,126,0.0,2.0,False,No delay,129,0.839,ZRH-DUS
2026-06-06,LH1880,FRA,MUC,104,7.0,5.0,False,No delay,158,0.678,FRA-MUC
2026-06-06,LH1890,DUS,VIE,198,18.0,20.0,False,Late inbound,86,0.99,DUS-VIE
2026-06-07,LH1119,FRA,DUS,56,24.0,29.0,False,No delay,146,0.872,FRA-DUS
2026-06-07,LH1170,VIE,ZRH,74,0.0,0.0,False,No delay,79,0.99,VIE-ZRH
2026-06-07,LH1257,ZRH,VIE,109,0.0,9.0,False,No delay,182,0.713,ZRH-VIE
2026-06-07,LH1309,AMS,BER,149,22.0,17.0,False,Ground handling,134,0.818,AMS-BER
2026-06-07,LH1321,DUS,AMS,120,17.0,27.0,False,No delay,216,0.871,DUS-AMS
2026-06-07,LH1364,MUC,AMS,144,34.0,35.0,False,No delay,79,0.859,MUC-AMS
2026-06-07,LH1459,BER,AMS,77,33.0,25.0,False,Technical,195,0.921,BER-AMS
2026-06-07,LH1479,DUS,VIE,174,22.0,35.0,False,Ground handling,213,0.854,DUS-VIE
2026-06-07,LH1500,ZRH,BER,151,2.0,0.0,False,No delay,119,0.976,ZRH-BER
2026-06-07,LH1515,ZRH,FRA,121,3.0,6.0,False,No delay,107,0.844,ZRH-FRA
2026-06-07,LH1537,VIE,ZRH,185,0.0,0.0,False,No delay,110,0.887,VIE-ZRH
2026-06-07,LH1579,HAM,VIE,75,30.0,21.0,False,Weather,113,0.875,HAM-VIE
2026-06-07,LH1582,BER,AMS,64,0.0,23.0,False,Late inbound,166,0.836,BER-AMS
2026-06-07,LH1807,AMS,BER,58,0.0,0.0,False,No delay,187,0.78,AMS-BER
2026-06-07,LH1817,HAM,FRA,106,29.0,34.0,False,ATC,148,0.922,HAM-FRA
2026-06-07,LH1872,BER,ZRH,95,2.0,0.0,False,No delay,124,0.788,BER-ZRH
2026-06-08,LH1017,ZRH,BER,197,0.0,1.0,False,No delay,85,0.753,ZRH-BER
2026-06-08,LH1073,HAM,AMS,126,12.0,15.0,False,No delay,198,0.762,HAM-AMS
2026-06-08,LH1156,HAM,DUS,67,21.0,29.0,False,Weather,142,0.919,HAM-DUS
2026-06-08,LH1197,ZRH,AMS,100,0.0,0.0,False,No delay,107,0.825,ZRH-AMS
2026-06-08,LH1220,FRA,BER,109,15.0,30.0,False,No delay,149,0.785,FRA-BER
2026-06-08,LH1312,HAM,AMS,89,10.0,0.0,False,No delay,136,0.842,HAM-AMS
2026-06-08,LH1385,FRA,BER,169,2.0,9.0,False,No delay,130,0.849,FRA-BER
2026-06-08,LH1413,ZRH,FRA,139,17.0,0.0,False,No delay,207,0.815,ZRH-FRA
2026-06-08,LH1417,DUS,AMS,119,19.0,5.0,False,No delay,181,0.795,DUS-AMS
2026-06-08,LH1433,ZRH,MUC,66,27.0,47.0,False,ATC,96,0.689,ZRH-MUC
2026-06-08,LH1435,AMS,ZRH,192,13.0,6.0,False,No delay,161,0.917,AMS-ZRH
2026-06-08,LH1442,FRA,HAM,134,15.0,14.0,False,No delay,119,0.775,FRA-HAM
2026-06-08,LH1496,DUS,MUC,141,24.0,14.0,False,No delay,207,0.99,DUS-MUC
2026-06-08,LH1669,AMS,MUC,69,26.0,43.0,False,ATC,88,0.798,AMS-MUC
2026-06-08,LH1704,FRA,ZRH,113,35.0,37.0,False,Late inbound,143,0.921,FRA-ZRH
2026-06-08,LH1723,FRA,HAM,71,3.0,2.0,False,No delay,71,0.875,FRA-HAM
2026-06-08,LH1725,AMS,BER,167,38.0,32.0,False,Late inbound,191,0.735,AMS-BER
2026-06-08,LH1758,ZRH,FRA,131,0.0,1.0,False,No delay,150,0.943,ZRH-FRA
2026-06-08,LH1777,HAM,AMS,167,10.0,21.0,False,Late inbound,134,0.835,HAM-AMS
2026-06-08,LH1782,FRA,BER,167,14.0,23.0,False,No delay,172,0.744,FRA-BER
2026-06-08,LH1783,ZRH,VIE,76,5.0,3.0,False,No delay,164,0.977,ZRH-VIE
2026-06-08,LH1862,FRA,MUC,116,15.0,5.0,False,No delay,95,0.794,FRA-MUC
2026-06-08,LH1873,HAM,MUC,178,0.0,0.0,False,No delay,74,0.844,HAM-MUC
2026-06-09,LH1099,DUS,BER,65,0.0,0.0,False,No delay,131,0.82,DUS-BER
2026-06-09,LH1117,HAM,ZRH,172,10.0,4.0,False,No delay,187,0.854,HAM-ZRH
2026-06-09,LH1240,AMS,BER,137,28.0,20.0,False,Late inbound,155,0.962,AMS-BER
2026-06-09,LH1255,DUS,BER,57,35.0,41.0,False,Late inbound,110,0.719,DUS-BER
2026-06-09,LH1305,AMS,BER,182,18.0,0.0,False,No delay,201,0.86,AMS-BER
2026-06-09,LH1328,MUC,FRA,74,0.0,0.0,False,No delay,130,0.878,MUC-FRA
2026-06-09,LH1407,MUC,ZRH,197,0.0,6.0,False,No delay,197,0.778,MUC-ZRH
2026-06-09,LH1456,BER,ZRH,125,29.0,30.0,False,Late inbound,106,0.956,BER-ZRH
2026-06-09,LH1461,FRA,AMS,131,14.0,21.0,False,Technical,180,0.892,FRA-AMS
2026-06-09,LH1521,AMS,FRA,191,29.0,23.0,False,No delay,157,0.886,AMS-FRA
2026-06-09,LH1527,AMS,MUC,114,3.0,13.0,False,No delay,137,0.876,AMS-MUC
2026-06-09,LH1603,BER,DUS,147,0.0,9.0,False,No delay,143,0.763,BER-DUS
2026-06-09,LH1619,HAM,MUC,96,26.0,7.0,False,No delay,157,0.709,HAM-MUC
2026-06-09,LH1681,MUC,ZRH,66,6.0,21.0,False,Late inbound,204,0.904,MUC-ZRH
2026-06-09,LH1720,BER,HAM,99,8.0,9.0,False,No delay,160,0.823,BER-HAM
2026-06-09,LH1751,FRA,BER,155,13.0,0.0,False,No delay,141,0.99,FRA-BER
2026-06-09,LH1768,DUS,HAM,80,9.0,0.0,False,No delay,96,0.919,DUS-HAM
2026-06-09,LH1822,VIE,FRA,68,3.0,0.0,False,No delay,73,0.857,VIE-FRA
2026-06-09,LH1833,ZRH,DUS,129,0.0,0.0,False,No delay,186,0.842,ZRH-DUS
2026-06-10,LH1040,VIE,HAM,149,0.0,0.0,False,No delay,113,0.865,VIE-HAM
2026-06-10,LH1057,VIE,DUS,162,6.0,13.0,False,No delay,160,0.944,VIE-DUS
2026-06-10,LH1082,DUS,MUC,186,25.0,27.0,False,No delay,95,0.809,DUS-MUC
2026-06-10,LH1177,MUC,BER,97,9.0,0.0,False,No delay,116,0.83,MUC-BER
2026-06-10,LH1181,AMS,DUS,79,24.0,29.0,False,No delay,216,0.715,AMS-DUS
2026-06-10,LH1186,ZRH,VIE,95,24.0,27.0,False,Ground handling,88,0.802,ZRH-VIE
2026-06-10,LH1272,HAM,DUS,204,8.0,0.0,False,No delay,72,0.863,HAM-DUS
2026-06-10,LH1286,MUC,VIE,209,0.0,0.0,False,No delay,214,0.871,MUC-VIE
2026-06-10,LH1349,AMS,ZRH,208,25.0,10.0,False,No delay,218,0.901,AMS-ZRH
2026-06-10,LH1356,MUC,HAM,163,0.0,0.0,False,No delay,100,0.72,MUC-HAM
2026-06-10,LH1389,DUS,MUC,57,0.0,0.0,False,No delay,195,0.818,DUS-MUC
2026-06-10,LH1466,BER,VIE,89,42.0,51.0,False,Weather,178,0.838,BER-VIE
2026-06-10,LH1531,MUC,ZRH,117,2.0,0.0,False,No delay,112,0.99,MUC-ZRH
2026-06-10,LH1532,MUC,BER,185,30.0,40.0,False,ATC,186,0.744,MUC-BER
2026-06-10,LH1535,FRA,DUS,110,7.0,4.0,False,No delay,178,0.832,FRA-DUS
2026-06-10,LH1622,MUC,FRA,196,11.0,25.0,False,Late inbound,102,0.844,MUC-FRA
2026-06-10,LH1749,ZRH,MUC,168,5.0,25.0,False,Late inbound,112,0.974,ZRH-MUC
2026-06-10,LH1846,AMS,DUS,90,0.0,0.0,False,No delay,105,0.735,AMS-DUS
2026-06-10,LH1883,AMS,ZRH,172,17.0,14.0,False,No delay,169,0.83,AMS-ZRH
2026-06-11,LH1022,HAM,BER,165,19.0,23.0,False,Ground handling,96,0.914,HAM-BER
2026-06-11,LH1167,VIE,HAM,133,42.0,38.0,False,Technical,167,0.794,VIE-HAM
2026-06-11,LH1229,VIE,BER,166,0.0,0.0,False,No delay,121,0.99,VIE-BER
2026-06-11,LH1250,BER,MUC,123,15.0,14.0,False,No delay,202,0.691,BER-MUC
2026-06-11,LH1258,HAM,DUS,182,7.0,5.0,False,No delay,182,0.844,HAM-DUS
2026-06-11,LH1261,HAM,DUS,149,0.0,0.0,False,No delay,218,0.902,HAM-DUS
2026-06-11,LH1348,BER,ZRH,196,0.0,3.0,False,No delay,109,0.931,BER-ZRH
2026-06-11,LH1391,ZRH,HAM,101,0.0,0.0,False,No delay,108,0.745,ZRH-HAM
2026-06-11,LH1410,DUS,VIE,147,3.0,4.0,False,No delay,127,0.728,DUS-VIE
2026-06-11,LH1468,AMS,FRA,109,0.0,5.0,False,No delay,120,0.945,AMS-FRA
2026-06-11,LH1543,HAM,VIE,65,13.0,9.0,False,No delay,174,0.713,HAM-VIE
2026-06-11,LH1563,FRA,AMS,87,9.0,19.0,False,Technical,132,0.823,FRA-AMS
2026-06-11,LH1634,ZRH,HAM,182,28.0,11.0,False,No delay,82,0.88,ZRH-HAM
2026-06-11,LH1660,BER,DUS,114,0.0,0.0,False,No delay,76,0.808,BER-DUS
2026-06-11,LH1684,VIE,BER,145,38.0,35.0,False,Late inbound,186,0.633,VIE-BER
2026-06-11,LH1702,ZRH,AMS,131,,,True,Weather,127,0.798,ZRH-AMS
2026-06-11,LH1703,BER,FRA,186,0.0,0.0,False,No delay,219,0.877,BER-FRA
2026-06-11,LH1760,DUS,AMS,150,18.0,6.0,False,No delay,136,0.776,DUS-AMS
2026-06-12,LH1051,BER,MUC,95,12.0,1.0,False,No delay,73,0.898,BER-MUC
2026-06-12,LH1071,HAM,MUC,57,10.0,16.0,False,Late inbound,102,0.755,HAM-MUC
2026-06-12,LH1101,VIE,DUS,95,19.0,32.0,False,Late inbound,174,0.823,VIE-DUS
2026-06-12,LH1252,HAM,BER,172,13.0,1.0,False,No delay,216,0.98,HAM-BER
2026-06-12,LH1397,VIE,ZRH,170,19.0,10.0,False,No delay,89,0.782,VIE-ZRH
2026-06-12,LH1425,MUC,DUS,199,7.0,7.0,False,No delay,215,0.862,MUC-DUS
2026-06-12,LH1522,DUS,BER,103,18.0,7.0,False,No delay,184,0.828,DUS-BER
2026-06-12,LH1542,AMS,DUS,119,0.0,3.0,False,No delay,120,0.838,AMS-DUS
2026-06-12,LH1837,FRA,VIE,136,21.0,8.0,False,No delay,163,0.787,FRA-VIE
2026-06-12,LH1887,FRA,DUS,70,15.0,14.0,False,No delay,179,0.918,FRA-DUS
2026-06-13,LH1008,BER,FRA,170,18.0,26.0,False,Weather,145,0.935,BER-FRA
2026-06-13,LH1141,ZRH,BER,110,0.0,7.0,False,No delay,176,0.837,ZRH-BER
2026-06-13,LH1223,MUC,DUS,136,9.0,11.0,False,No delay,152,0.902,MUC-DUS
2026-06-13,LH1338,BER,DUS,180,2.0,0.0,False,No delay,135,0.733,BER-DUS
2026-06-13,LH1652,DUS,FRA,139,17.0,25.0,False,Technical,131,0.732,DUS-FRA
2026-06-13,LH1663,AMS,DUS,100,26.0,22.0,False,Late inbound,108,0.832,AMS-DUS
2026-06-13,LH1734,HAM,ZRH,74,0.0,0.0,False,No delay,194,0.724,HAM-ZRH
2026-06-13,LH1871,HAM,ZRH,164,0.0,3.0,False,No delay,149,0.814,HAM-ZRH
2026-06-14,LH1031,VIE,AMS,188,4.0,0.0,False,No delay,82,0.826,VIE-AMS
2026-06-14,LH1077,DUS,AMS,111,25.0,13.0,False,No delay,156,0.87,DUS-AMS
2026-06-14,LH1325,AMS,BER,83,35.0,35.0,False,Late inbound,100,0.839,AMS-BER
2026-06-14,LH1362,HAM,DUS,191,2.0,0.0,False,No delay,141,0.932,HAM-DUS
2026-06-14,LH1411,BER,ZRH,176,19.0,16.0,False,Technical,217,0.896,BER-ZRH
2026-06-14,LH1485,MUC,ZRH,112,3.0,0.0,False,No delay,215,0.8,MUC-ZRH
2026-06-14,LH1566,VIE,BER,70,0.0,1.0,False,No delay,168,0.902,VIE-BER
2026-06-14,LH1625,FRA,DUS,157,,,True,Technical,205,0.922,FRA-DUS
2026-06-15,LH1096,DUS,VIE,145,32.0,22.0,False,No delay,185,0.784,DUS-VIE
2026-06-15,LH1118,FRA,HAM,176,6.0,20.0,False,ATC,207,0.874,FRA-HAM
2026-06-15,LH1147,DUS,AMS,77,2.0,0.0,False,No delay,181,0.885,DUS-AMS
2026-06-15,LH1188,VIE,MUC,186,2.0,1.0,False,No delay,132,0.922,VIE-MUC
2026-06-15,LH1314,FRA,VIE,71,0.0,0.0,False,No delay,90,0.858,FRA-VIE
2026-06-15,LH1326,FRA,BER,207,16.0,15.0,False,No delay,130,0.803,FRA-BER
2026-06-15,LH1383,ZRH,VIE,171,8.0,0.0,False,No delay,119,0.99,ZRH-VIE
2026-06-15,LH1507,ZRH,MUC,193,24.0,23.0,False,ATC,122,0.875,ZRH-MUC
2026-06-15,LH1509,BER,DUS,122,21.0,24.0,False,Late inbound,121,0.844,BER-DUS
2026-06-15,LH1565,FRA,AMS,126,44.0,48.0,False,Ground handling,149,0.767,FRA-AMS
2026-06-15,LH1567,HAM,MUC,149,53.0,53.0,False,Late inbound,163,0.724,HAM-MUC
2026-06-15,LH1592,FRA,DUS,136,0.0,0.0,False,No delay,212,0.896,FRA-DUS
2026-06-15,LH1616,HAM,DUS,92,0.0,0.0,False,No delay,178,0.726,HAM-DUS
2026-06-15,LH1636,MUC,VIE,115,0.0,6.0,False,No delay,98,0.788,MUC-VIE
2026-06-15,LH1718,FRA,MUC,81,9.0,3.0,False,No delay,209,0.782,FRA-MUC
2026-06-15,LH1830,ZRH,AMS,135,27.0,22.0,False,No delay,202,0.815,ZRH-AMS
2026-06-15,LH1831,AMS,VIE,163,0.0,0.0,False,No delay,109,0.842,AMS-VIE
2026-06-15,LH1853,HAM,BER,167,24.0,21.0,False,Technical,207,0.964,HAM-BER
2026-06-15,LH1856,BER,FRA,71,0.0,0.0,False,No delay,115,0.8,BER-FRA
2026-06-16,LH1205,MUC,VIE,179,33.0,28.0,False,No delay,176,0.825,MUC-VIE
2026-06-16,LH1208,AMS,ZRH,114,3.0,0.0,False,No delay,77,0.813,AMS-ZRH
2026-06-16,LH1210,VIE,HAM,187,17.0,2.0,False,No delay,96,0.947,VIE-HAM
2026-06-16,LH1345,AMS,HAM,150,8.0,10.0,False,No delay,86,0.876,AMS-HAM
2026-06-16,LH1379,ZRH,HAM,164,10.0,11.0,False,No delay,147,0.936,ZRH-HAM
2026-06-16,LH1482,BER,VIE,193,28.0,24.0,False,Late inbound,133,0.842,BER-VIE
2026-06-16,LH1617,FRA,BER,205,18.0,0.0,False,No delay,94,0.825,FRA-BER
2026-06-16,LH1695,MUC,BER,202,13.0,11.0,False,No delay,89,0.902,MUC-BER
2026-06-17,LH1038,HAM,MUC,117,3.0,0.0,False,No delay,210,0.99,HAM-MUC
2026-06-17,LH1110,BER,FRA,201,9.0,5.0,False,No delay,152,0.662,BER-FRA
2026-06-17,LH1142,HAM,ZRH,61,0.0,26.0,False,ATC,163,0.853,HAM-ZRH
2026-06-17,LH1151,BER,DUS,97,0.0,0.0,False,No delay,118,0.888,BER-DUS
2026-06-17,LH1215,HAM,BER,157,15.0,10.0,False,No delay,160,0.823,HAM-BER
2026-06-17,LH1280,DUS,ZRH,162,6.0,5.0,False,No delay,80,0.871,DUS-ZRH
2026-06-17,LH1291,BER,HAM,193,0.0,4.0,False,No delay,156,0.81,BER-HAM
2026-06-17,LH1313,ZRH,AMS,139,17.0,20.0,False,Late inbound,210,0.76,ZRH-AMS
2026-06-17,LH1398,DUS,HAM,157,0.0,4.0,False,No delay,207,0.95,DUS-HAM
2026-06-17,LH1412,ZRH,DUS,203,7.0,0.0,False,No delay,183,0.929,ZRH-DUS
2026-06-17,LH1504,MUC,AMS,73,0.0,0.0,False,No delay,165,0.823,MUC-AMS
2026-06-17,LH1508,FRA,BER,131,27.0,29.0,False,No delay,76,0.876,FRA-BER
2026-06-17,LH1572,HAM,FRA,147,19.0,18.0,False,Late inbound,209,0.835,HAM-FRA
2026-06-17,LH1743,DUS,HAM,126,3.0,23.0,False,Late inbound,126,0.899,DUS-HAM
2026-06-17,LH1778,AMS,ZRH,163,32.0,31.0,False,ATC,98,0.99,AMS-ZRH
2026-06-17,LH1889,ZRH,AMS,184,0.0,0.0,False,No delay,123,0.885,ZRH-AMS
2026-06-18,LH1095,VIE,ZRH,91,17.0,30.0,False,Technical,191,0.99,VIE-ZRH
2026-06-18,LH1153,AMS,HAM,56,34.0,40.0,False,No delay,81,0.835,AMS-HAM
2026-06-18,LH1262,ZRH,MUC,171,43.0,66.0,False,Late inbound,108,0.888,ZRH-MUC
2026-06-18,LH1270,VIE,MUC,55,15.0,10.0,False,No delay,95,0.86,VIE-MUC
2026-06-18,LH1298,ZRH,MUC,57,17.0,16.0,False,Late inbound,113,0.768,ZRH-MUC
2026-06-18,LH1341,ZRH,AMS,93,14.0,1.0,False,No delay,111,0.95,ZRH-AMS
2026-06-18,LH1352,FRA,ZRH,145,0.0,1.0,False,No delay,167,0.892,FRA-ZRH
2026-06-18,LH1418,HAM,BER,106,32.0,36.0,False,No delay,96,0.759,HAM-BER
2026-06-18,LH1449,DUS,HAM,107,23.0,14.0,False,No delay,211,0.793,DUS-HAM
2026-06-18,LH1480,AMS,ZRH,64,0.0,0.0,False,No delay,112,0.99,AMS-ZRH
2026-06-18,LH1494,MUC,VIE,166,22.0,18.0,False,Late inbound,76,0.964,MUC-VIE
2026-06-18,LH1533,DUS,ZRH,136,22.0,13.0,False,No delay,119,0.739,DUS-ZRH
2026-06-18,LH1637,FRA,VIE,61,25.0,23.0,False,Late inbound,130,0.908,FRA-VIE
2026-06-18,LH1659,ZRH,FRA,65,15.0,24.0,False,ATC,84,0.781,ZRH-FRA
2026-06-18,LH1795,VIE,MUC,115,3.0,10.0,False,No delay,139,0.858,VIE-MUC
2026-06-18,LH1813,VIE,DUS,147,0.0,1.0,False,No delay,208,0.835,VIE-DUS
2026-06-18,LH1840,HAM,MUC,142,24.0,24.0,False,Late inbound,181,0.909,HAM-MUC
2026-06-18,LH1854,VIE,ZRH,160,0.0,12.0,False,No delay,214,0.94,VIE-ZRH
2026-06-19,LH1087,BER,HAM,68,24.0,24.0,False,Late inbound,120,0.911,BER-HAM
2026-06-19,LH1135,VIE,MUC,107,8.0,5.0,False,No delay,105,0.876,VIE-MUC
2026-06-19,LH1189,MUC,AMS,204,4.0,6.0,False,No delay,161,0.871,MUC-AMS
2026-06-19,LH1225,ZRH,HAM,147,25.0,18.0,False,ATC,158,0.831,ZRH-HAM
2026-06-19,LH1238,VIE,AMS,163,20.0,22.0,False,Late inbound,204,0.99,VIE-AMS
2026-06-19,LH1306,DUS,ZRH,168,0.0,11.0,False,No delay,84,0.808,DUS-ZRH
2026-06-19,LH1308,BER,MUC,71,,,True,Technical,85,0.692,BER-MUC
2026-06-19,LH1332,AMS,DUS,187,0.0,11.0,False,No delay,164,0.99,AMS-DUS
2026-06-19,LH1367,BER,ZRH,124,10.0,7.0,False,No delay,75,0.866,BER-ZRH
2026-06-19,LH1399,FRA,MUC,145,0.0,0.0,False,No delay,91,0.93,FRA-MUC
2026-06-19,LH1441,MUC,VIE,154,31.0,42.0,False,ATC,180,0.856,MUC-VIE
2026-06-19,LH1446,ZRH,DUS,160,16.0,21.0,False,Ground handling,199,0.778,ZRH-DUS
2026-06-19,LH1525,ZRH,DUS,60,10.0,12.0,False,No delay,112,0.845,ZRH-DUS
2026-06-19,LH1747,VIE,DUS,112,24.0,9.0,False,No delay,70,0.829,VIE-DUS
2026-06-19,LH1748,AMS,HAM,141,51.0,61.0,False,No delay,180,0.956,AMS-HAM
2026-06-19,LH1798,BER,AMS,209,31.0,41.0,False,No delay,147,0.822,BER-AMS
2026-06-19,LH1801,MUC,HAM,144,14.0,8.0,False,No delay,125,0.734,MUC-HAM
2026-06-20,LH1065,DUS,HAM,55,36.0,33.0,False,Late inbound,171,0.692,DUS-HAM
2026-06-20,LH1076,FRA,MUC,208,29.0,35.0,False,Weather,113,0.958,FRA-MUC
2026-06-20,LH1166,AMS,BER,124,11.0,3.0,False,No delay,141,0.879,AMS-BER
2026-06-20,LH1253,AMS,FRA,119,1.0,0.0,False,No delay,170,0.93,AMS-FRA
2026-06-20,LH1293,VIE,MUC,117,5.0,0.0,False,No delay,106,0.761,VIE-MUC
2026-06-20,LH1320,VIE,ZRH,94,10.0,17.0,False,No delay,105,0.589,VIE-ZRH
2026-06-20,LH1337,FRA,BER,145,29.0,32.0,False,Late inbound,175,0.932,FRA-BER
2026-06-20,LH1402,VIE,FRA,158,4.0,14.0,False,No delay,213,0.93,VIE-FRA
2026-06-20,LH1524,BER,VIE,152,11.0,0.0,False,No delay,181,0.865,BER-VIE
2026-06-20,LH1553,MUC,HAM,77,2.0,0.0,False,No delay,174,0.938,MUC-HAM
2026-06-20,LH1594,HAM,FRA,125,10.0,6.0,False,No delay,134,0.885,HAM-FRA
2026-06-20,LH1606,AMS,BER,122,12.0,18.0,False,ATC,74,0.969,AMS-BER
2026-06-20,LH1631,FRA,DUS,110,0.0,4.0,False,No delay,78,0.828,FRA-DUS
2026-06-20,LH1645,DUS,AMS,63,11.0,10.0,False,No delay,193,0.816,DUS-AMS
2026-06-21,LH1138,HAM,AMS,205,3.0,6.0,False,No delay,104,0.837,HAM-AMS
2026-06-21,LH1168,BER,ZRH,81,0.0,0.0,False,No delay,102,0.733,BER-ZRH
2026-06-21,LH1196,ZRH,DUS,98,0.0,0.0,False,No delay,181,0.903,ZRH-DUS
2026-06-21,LH1198,FRA,BER,188,0.0,0.0,False,No delay,88,0.761,FRA-BER
2026-06-21,LH1267,HAM,AMS,170,2.0,7.0,False,No delay,114,0.841,HAM-AMS
2026-06-21,LH1370,BER,FRA,73,10.0,20.0,False,Late inbound,182,0.885,BER-FRA
2026-06-21,LH1486,DUS,AMS,125,8.0,18.0,False,Late inbound,122,0.788,DUS-AMS
2026-06-21,LH1626,BER,MUC,104,4.0,18.0,False,No delay,187,0.719,BER-MUC
2026-06-21,LH1737,DUS,HAM,111,5.0,6.0,False,No delay,76,0.943,DUS-HAM
2026-06-22,LH1043,HAM,ZRH,160,3.0,0.0,False,No delay,72,0.765,HAM-ZRH
2026-06-22,LH1052,DUS,HAM,120,19.0,26.0,False,Ground handling,153,0.836,DUS-HAM
2026-06-22,LH1062,ZRH,VIE,189,0.0,0.0,False,No delay,154,0.758,ZRH-VIE
2026-06-22,LH1193,HAM,VIE,61,13.0,0.0,False,No delay,145,0.796,HAM-VIE
2026-06-22,LH1200,HAM,AMS,92,8.0,8.0,False,No delay,119,0.854,HAM-AMS
2026-06-22,LH1300,AMS,DUS,72,34.0,20.0,False,Weather,88,0.812,AMS-DUS
2026-06-22,LH1520,AMS,FRA,187,20.0,19.0,False,Weather,121,0.856,AMS-FRA
2026-06-22,LH1629,AMS,BER,58,18.0,30.0,False,Ground handling,110,0.832,AMS-BER
2026-06-22,LH1745,BER,HAM,174,29.0,18.0,False,No delay,93,0.755,BER-HAM
2026-06-22,LH1764,DUS,HAM,205,24.0,29.0,False,Late inbound,156,0.99,DUS-HAM
2026-06-23,LH1021,DUS,ZRH,106,16.0,19.0,False,No delay,196,0.797,DUS-ZRH
2026-06-23,LH1067,BER,ZRH,168,28.0,13.0,False,No delay,201,0.89,BER-ZRH
2026-06-23,LH1187,AMS,MUC,65,25.0,15.0,False,No delay,200,0.772,AMS-MUC
2026-06-23,LH1331,VIE,AMS,83,23.0,23.0,False,Technical,159,0.841,VIE-AMS
2026-06-23,LH1373,VIE,ZRH,105,32.0,18.0,False,Late inbound,219,0.812,VIE-ZRH
2026-06-23,LH1378,FRA,VIE,58,21.0,21.0,False,Ground handling,133,0.852,FRA-VIE
2026-06-23,LH1392,HAM,BER,58,11.0,17.0,False,Weather,77,0.799,HAM-BER
2026-06-23,LH1497,VIE,HAM,196,26.0,24.0,False,No delay,75,0.912,VIE-HAM
2026-06-23,LH1575,BER,AMS,116,15.0,27.0,False,Late inbound,119,0.776,BER-AMS
2026-06-23,LH1627,MUC,HAM,179,5.0,0.0,False,No delay,212,0.925,MUC-HAM
2026-06-23,LH1633,MUC,BER,130,0.0,0.0,False,No delay,169,0.733,MUC-BER
2026-06-23,LH1757,ZRH,VIE,171,0.0,2.0,False,No delay,180,0.675,ZRH-VIE
2026-06-23,LH1769,VIE,AMS,95,21.0,26.0,False,ATC,213,0.863,VIE-AMS
2026-06-24,LH1093,HAM,VIE,83,0.0,1.0,False,No delay,97,0.905,HAM-VIE
2026-06-24,LH1439,HAM,AMS,93,0.0,20.0,False,Late inbound,145,0.751,HAM-AMS
2026-06-24,LH1551,FRA,ZRH,93,2.0,1.0,False,No delay,126,0.893,FRA-ZRH
2026-06-24,LH1613,BER,DUS,99,0.0,0.0,False,No delay,114,0.601,BER-DUS
2026-06-24,LH1808,MUC,DUS,107,26.0,10.0,False,No delay,101,0.851,MUC-DUS
2026-06-25,LH1026,DUS,FRA,141,28.0,23.0,False,No delay,132,0.917,DUS-FRA
2026-06-25,LH1064,AMS,ZRH,168,0.0,0.0,False,No delay,114,0.886,AMS-ZRH
2026-06-25,LH1143,BER,FRA,195,0.0,3.0,False,No delay,75,0.869,BER-FRA
2026-06-25,LH1162,MUC,DUS,164,13.0,19.0,False,No delay,168,0.789,MUC-DUS
2026-06-25,LH1163,VIE,ZRH,174,30.0,31.0,False,Technical,91,0.826,VIE-ZRH
2026-06-25,LH1247,ZRH,DUS,90,6.0,4.0,False,No delay,94,0.869,ZRH-DUS
2026-06-25,LH1372,AMS,MUC,163,30.0,32.0,False,No delay,201,0.99,AMS-MUC
2026-06-25,LH1495,DUS,ZRH,143,17.0,32.0,False,Late inbound,81,0.869,DUS-ZRH
2026-06-25,LH1571,VIE,ZRH,197,0.0,0.0,False,No delay,114,0.968,VIE-ZRH
2026-06-25,LH1584,HAM,MUC,56,1.0,0.0,False,No delay,81,0.84,HAM-MUC
2026-06-25,LH1686,ZRH,MUC,152,23.0,29.0,False,ATC,119,0.768,ZRH-MUC
2026-06-26,LH1004,HAM,MUC,97,21.0,11.0,False,No delay,121,0.89,HAM-MUC
2026-06-26,LH1164,ZRH,DUS,62,47.0,50.0,False,Ground handling,83,0.853,ZRH-DUS
2026-06-26,LH1237,BER,FRA,100,32.0,26.0,False,ATC,137,0.894,BER-FRA
2026-06-26,LH1274,FRA,VIE,188,0.0,0.0,False,No delay,77,0.832,FRA-VIE
2026-06-26,LH1424,ZRH,HAM,186,,,True,Technical,115,0.807,ZRH-HAM
2026-06-26,LH1463,MUC,DUS,61,5.0,21.0,False,No delay,81,0.773,MUC-DUS
2026-06-26,LH1472,HAM,BER,192,11.0,7.0,False,No delay,164,0.879,HAM-BER
2026-06-26,LH1499,BER,AMS,101,0.0,2.0,False,No delay,184,0.906,BER-AMS
2026-06-26,LH1546,AMS,BER,120,16.0,13.0,False,No delay,200,0.901,AMS-BER
2026-06-26,LH1623,MUC,ZRH,203,16.0,3.0,False,No delay,191,0.771,MUC-ZRH
2026-06-26,LH1731,AMS,ZRH,145,52.0,40.0,False,No delay,109,0.916,AMS-ZRH
2026-06-26,LH1776,MUC,BER,193,0.0,0.0,False,No delay,166,0.627,MUC-BER
2026-06-26,LH1794,MUC,BER,86,3.0,0.0,False,No delay,189,0.724,MUC-BER
2026-06-27,LH1003,AMS,BER,123,24.0,25.0,False,Late inbound,131,0.863,AMS-BER
2026-06-27,LH1029,DUS,AMS,110,30.0,21.0,False,Late inbound,198,0.915,DUS-AMS
2026-06-27,LH1046,AMS,HAM,72,33.0,40.0,False,Ground handling,121,0.834,AMS-HAM
2026-06-27,LH1081,VIE,BER,106,8.0,8.0,False,No delay,122,0.878,VIE-BER
2026-06-27,LH1090,BER,MUC,123,10.0,0.0,False,No delay,87,0.797,BER-MUC
2026-06-27,LH1120,FRA,HAM,78,0.0,0.0,False,No delay,216,0.841,FRA-HAM
2026-06-27,LH1139,ZRH,MUC,92,28.0,45.0,False,Technical,121,0.782,ZRH-MUC
2026-06-27,LH1154,FRA,AMS,134,0.0,0.0,False,No delay,204,0.974,FRA-AMS
2026-06-27,LH1185,ZRH,HAM,158,3.0,3.0,False,No delay,145,0.872,ZRH-HAM
2026-06-27,LH1213,BER,AMS,145,12.0,5.0,False,No delay,107,0.833,BER-AMS
2026-06-27,LH1218,VIE,HAM,125,42.0,42.0,False,Ground handling,145,0.878,VIE-HAM
2026-06-27,LH1266,FRA,VIE,129,29.0,44.0,False,Technical,95,0.813,FRA-VIE
2026-06-27,LH1284,HAM,MUC,179,6.0,0.0,False,No delay,106,0.799,HAM-MUC
2026-06-27,LH1297,AMS,ZRH,140,36.0,41.0,False,Late inbound,120,0.888,AMS-ZRH
2026-06-27,LH1353,ZRH,DUS,112,0.0,0.0,False,No delay,76,0.882,ZRH-DUS
2026-06-27,LH1406,BER,MUC,135,11.0,13.0,False,No delay,193,0.856,BER-MUC
2026-06-27,LH1434,DUS,AMS,84,19.0,13.0,False,No delay,187,0.881,DUS-AMS
2026-06-27,LH1620,ZRH,BER,146,24.0,13.0,False,No delay,194,0.896,ZRH-BER
2026-06-27,LH1632,AMS,MUC,128,0.0,0.0,False,No delay,186,0.889,AMS-MUC
2026-06-27,LH1688,ZRH,DUS,141,0.0,3.0,False,No delay,98,0.724,ZRH-DUS
2026-06-27,LH1755,MUC,FRA,69,29.0,21.0,False,No delay,130,0.799,MUC-FRA
2026-06-27,LH1799,AMS,HAM,184,14.0,24.0,False,Late inbound,170,0.826,AMS-HAM
2026-06-27,LH1868,FRA,ZRH,203,22.0,9.0,False,No delay,163,0.761,FRA-ZRH
2026-06-27,LH1882,FRA,HAM,64,4.0,0.0,False,No delay,85,0.99,FRA-HAM
2026-06-28,LH1019,VIE,BER,79,11.0,0.0,False,No delay,207,0.902,VIE-BER
2026-06-28,LH1030,DUS,BER,93,31.0,30.0,False,Weather,209,0.744,DUS-BER
2026-06-28,LH1072,HAM,DUS,157,3.0,0.0,False,No delay,137,0.829,HAM-DUS
2026-06-28,LH1113,BER,ZRH,160,0.0,0.0,False,No delay,166,0.846,BER-ZRH
2026-06-28,LH1175,MUC,FRA,198,16.0,18.0,False,ATC,149,0.947,MUC-FRA
2026-06-28,LH1204,BER,ZRH,67,,,True,ATC,163,0.866,BER-ZRH
2026-06-28,LH1221,FRA,VIE,71,10.0,2.0,False,No delay,136,0.785,FRA-VIE
2026-06-28,LH1230,HAM,DUS,144,24.0,15.0,False,No delay,78,0.855,HAM-DUS
2026-06-28,LH1334,VIE,HAM,92,32.0,39.0,False,No delay,97,0.856,VIE-HAM
2026-06-28,LH1484,HAM,VIE,181,29.0,40.0,False,ATC,107,0.929,HAM-VIE
2026-06-28,LH1505,MUC,FRA,108,41.0,29.0,False,Weather,197,0.886,MUC-FRA
2026-06-28,LH1536,HAM,BER,124,,,True,Technical,169,0.912,HAM-BER
2026-06-28,LH1611,MUC,FRA,100,0.0,3.0,False,No delay,148,0.909,MUC-FRA
2026-06-28,LH1646,VIE,ZRH,135,0.0,0.0,False,No delay,216,0.884,VIE-ZRH
2026-06-28,LH1709,MUC,FRA,173,,,True,Technical,208,0.814,MUC-FRA
2026-06-28,LH1791,AMS,HAM,66,10.0,4.0,False,No delay,117,0.685,AMS-HAM
2026-06-28,LH1797,MUC,VIE,108,6.0,0.0,False,No delay,210,0.977,MUC-VIE
2026-06-28,LH1832,VIE,AMS,61,42.0,45.0,False,Weather,206,0.901,VIE-AMS
2026-06-28,LH1870,BER,ZRH,120,12.0,15.0,False,No delay,201,0.878,BER-ZRH
2026-06-29,LH1053,HAM,MUC,129,17.0,19.0,False,Late inbound,72,0.933,HAM-MUC
2026-06-29,LH1069,FRA,ZRH,195,0.0,12.0,False,No delay,181,0.885,FRA-ZRH
2026-06-29,LH1075,MUC,FRA,96,25.0,30.0,False,No delay,193,0.905,MUC-FRA
2026-06-29,LH1108,VIE,FRA,61,0.0,8.0,False,No delay,153,0.779,VIE-FRA
2026-06-29,LH1123,ZRH,HAM,86,1.0,8.0,False,No delay,209,0.807,ZRH-HAM
2026-06-29,LH1275,BER,HAM,105,0.0,0.0,False,No delay,120,0.865,BER-HAM
2026-06-29,LH1276,BER,HAM,134,21.0,16.0,False,Technical,209,0.825,BER-HAM
2026-06-29,LH1289,FRA,MUC,176,9.0,13.0,False,No delay,117,0.797,FRA-MUC
2026-06-29,LH1366,FRA,BER,177,0.0,0.0,False,No delay,108,0.825,FRA-BER
2026-06-29,LH1473,HAM,ZRH,109,4.0,0.0,False,No delay,75,0.791,HAM-ZRH
2026-06-29,LH1518,ZRH,FRA,78,37.0,29.0,False,Weather,135,0.949,ZRH-FRA
2026-06-29,LH1621,VIE,ZRH,147,30.0,40.0,False,Ground handling,100,0.901,VIE-ZRH
2026-06-29,LH1643,DUS,MUC,196,12.0,0.0,False,No delay,135,0.816,DUS-MUC
2026-06-29,LH1708,MUC,HAM,174,28.0,26.0,False,Late inbound,70,0.836,MUC-HAM
2026-06-29,LH1767,VIE,DUS,196,16.0,7.0,False,No delay,204,0.757,VIE-DUS
2026-06-29,LH1784,BER,VIE,107,19.0,29.0,False,Technical,86,0.86,BER-VIE
2026-06-30,LH1054,ZRH,FRA,93,6.0,0.0,False,No delay,173,0.783,ZRH-FRA
2026-06-30,LH1182,AMS,FRA,198,25.0,10.0,False,No delay,218,0.89,AMS-FRA
2026-06-30,LH1184,MUC,VIE,135,5.0,5.0,False,No delay,210,0.833,MUC-VIE
2026-06-30,LH1202,AMS,HAM,185,0.0,2.0,False,No delay,177,0.871,AMS-HAM
2026-06-30,LH1234,DUS,AMS,150,9.0,0.0,False,No delay,73,0.938,DUS-AMS
2026-06-30,LH1251,DUS,BER,200,25.0,20.0,False,Late inbound,86,0.895,DUS-BER
2026-06-30,LH1281,AMS,FRA,118,24.0,19.0,False,Late inbound,204,0.842,AMS-FRA
2026-06-30,LH1283,HAM,VIE,102,3.0,0.0,False,No delay,200,0.814,HAM-VIE
2026-06-30,LH1404,DUS,HAM,136,4.0,8.0,False,No delay,201,0.871,DUS-HAM
2026-06-30,LH1443,DUS,FRA,129,8.0,13.0,False,No delay,165,0.826,DUS-FRA
2026-06-30,LH1452,HAM,MUC,193,9.0,0.0,False,No delay,157,0.878,HAM-MUC
2026-06-30,LH1562,FRA,AMS,187,11.0,8.0,False,No delay,206,0.874,FRA-AMS
2026-06-30,LH1650,BER,ZRH,116,11.0,4.0,False,No delay,135,0.835,BER-ZRH
2026-06-30,LH1717,DUS,FRA,172,,,True,Technical,166,0.944,DUS-FRA
2026-06-30,LH1728,HAM,FRA,84,22.0,9.0,False,No delay,134,0.805,HAM-FRA
2026-07-01,LH1016,DUS,MUC,165,2.0,6.0,False,No delay,92,0.842,DUS-MUC
2026-07-01,LH1020,ZRH,BER,169,30.0,22.0,False,Ground handling,177,0.943,ZRH-BER
2026-07-01,LH1114,DUS,BER,146,20.0,27.0,False,No delay,135,0.764,DUS-BER
2026-07-01,LH1158,HAM,VIE,97,0.0,0.0,False,No delay,204,0.76,HAM-VIE
2026-07-01,LH1179,ZRH,HAM,83,21.0,26.0,False,Weather,81,0.909,ZRH-HAM
2026-07-01,LH1343,HAM,DUS,57,0.0,13.0,False,No delay,215,0.813,HAM-DUS
2026-07-01,LH1405,VIE,ZRH,100,6.0,0.0,False,No delay,159,0.99,VIE-ZRH
2026-07-01,LH1419,HAM,MUC,166,7.0,23.0,False,Weather,155,0.99,HAM-MUC
2026-07-01,LH1444,MUC,VIE,122,18.0,1.0,False,No delay,137,0.682,MUC-VIE
2026-07-01,LH1548,VIE,MUC,115,0.0,2.0,False,No delay,157,0.889,VIE-MUC
2026-07-01,LH1555,FRA,BER,66,24.0,26.0,False,No delay,182,0.907,FRA-BER
2026-07-01,LH1607,HAM,VIE,185,21.0,26.0,False,Late inbound,158,0.856,HAM-VIE
2026-07-01,LH1628,FRA,ZRH,154,0.0,0.0,False,No delay,98,0.827,FRA-ZRH
2026-07-01,LH1666,AMS,BER,156,0.0,0.0,False,No delay,127,0.756,AMS-BER
2026-07-01,LH1802,VIE,ZRH,164,6.0,2.0,False,No delay,164,0.822,VIE-ZRH
2026-07-01,LH1875,MUC,DUS,123,29.0,27.0,False,Technical,141,0.874,MUC-DUS
2026-07-01,LH1896,AMS,MUC,201,0.0,3.0,False,No delay,98,0.764,AMS-MUC
2026-07-02,LH1010,ZRH,MUC,128,22.0,29.0,False,Technical,217,0.899,ZRH-MUC
2026-07-02,LH1295,VIE,ZRH,67,25.0,15.0,False,No delay,161,0.963,VIE-ZRH
2026-07-02,LH1350,MUC,BER,154,1.0,0.0,False,No delay,139,0.931,MUC-BER
2026-07-02,LH1365,FRA,AMS,89,36.0,22.0,False,No delay,128,0.772,FRA-AMS
2026-07-02,LH1448,VIE,MUC,76,10.0,14.0,False,No delay,170,0.726,VIE-MUC
2026-07-02,LH1487,BER,ZRH,58,24.0,22.0,False,No delay,112,0.942,BER-ZRH
2026-07-02,LH1506,BER,HAM,126,25.0,7.0,False,No delay,199,0.974,BER-HAM
2026-07-02,LH1577,HAM,MUC,99,12.0,6.0,False,No delay,167,0.85,HAM-MUC
2026-07-02,LH1655,MUC,HAM,132,42.0,42.0,False,No delay,114,0.91,MUC-HAM
2026-07-02,LH1678,FRA,DUS,113,39.0,25.0,False,Weather,103,0.763,FRA-DUS
2026-07-02,LH1700,BER,VIE,157,16.0,3.0,False,No delay,123,0.737,BER-VIE
2026-07-02,LH1711,MUC,ZRH,68,1.0,0.0,False,No delay,89,0.795,MUC-ZRH
2026-07-02,LH1716,ZRH,VIE,177,1.0,0.0,False,No delay,192,0.99,ZRH-VIE
2026-07-02,LH1746,BER,ZRH,144,6.0,0.0,False,No delay,192,0.673,BER-ZRH
2026-07-02,LH1892,BER,AMS,57,1.0,4.0,False,No delay,217,0.748,BER-AMS
2026-07-03,LH1028,HAM,DUS,187,19.0,4.0,False,No delay,77,0.743,HAM-DUS
2026-07-03,LH1056,HAM,BER,108,49.0,67.0,False,Technical,166,0.837,HAM-BER
2026-07-03,LH1228,DUS,MUC,162,25.0,13.0,False,No delay,171,0.878,DUS-MUC
2026-07-03,LH1288,DUS,BER,109,0.0,0.0,False,No delay,206,0.908,DUS-BER
2026-07-03,LH1294,DUS,MUC,69,0.0,0.0,False,No delay,126,0.701,DUS-MUC
2026-07-03,LH1304,VIE,ZRH,79,14.0,24.0,False,Late inbound,154,0.99,VIE-ZRH
2026-07-03,LH1330,ZRH,VIE,118,,,True,Weather,176,0.904,ZRH-VIE
2026-07-03,LH1538,BER,FRA,116,7.0,5.0,False,No delay,194,0.854,BER-FRA
2026-07-03,LH1560,ZRH,VIE,139,22.0,28.0,False,ATC,100,0.896,ZRH-VIE
2026-07-03,LH1605,MUC,ZRH,129,,,True,Weather,193,0.858,MUC-ZRH
2026-07-03,LH1647,ZRH,VIE,136,20.0,22.0,False,Ground handling,70,0.775,ZRH-VIE
2026-07-03,LH1788,AMS,ZRH,67,28.0,19.0,False,Technical,180,0.753,AMS-ZRH
2026-07-03,LH1806,AMS,DUS,76,46.0,38.0,False,Late inbound,211,0.884,AMS-DUS
2026-07-03,LH1876,BER,AMS,152,20.0,12.0,False,No delay,130,0.931,BER-AMS
2026-07-03,LH1878,BER,DUS,151,8.0,7.0,False,No delay,187,0.824,BER-DUS
2026-07-04,LH1033,VIE,FRA,150,27.0,35.0,False,Ground handling,147,0.897,VIE-FRA
2026-07-04,LH1078,BER,VIE,95,36.0,44.0,False,ATC,146,0.914,BER-VIE
2026-07-04,LH1112,MUC,FRA,62,5.0,0.0,False,No delay,76,0.781,MUC-FRA
2026-07-04,LH1125,FRA,MUC,86,22.0,30.0,False,Late inbound,168,0.846,FRA-MUC
2026-07-04,LH1130,HAM,FRA,168,0.0,0.0,False,No delay,201,0.891,HAM-FRA
2026-07-04,LH1131,MUC,HAM,195,16.0,19.0,False,Technical,215,0.776,MUC-HAM
2026-07-04,LH1133,BER,AMS,172,0.0,4.0,False,No delay,148,0.827,BER-AMS
2026-07-04,LH1157,ZRH,DUS,100,0.0,5.0,False,No delay,157,0.867,ZRH-DUS
2026-07-04,LH1307,VIE,MUC,67,19.0,25.0,False,Late inbound,135,0.791,VIE-MUC
2026-07-04,LH1329,BER,HAM,101,48.0,37.0,False,Weather,184,0.852,BER-HAM
2026-07-04,LH1455,HAM,VIE,70,14.0,6.0,False,No delay,166,0.917,HAM-VIE
2026-07-04,LH1654,HAM,ZRH,110,38.0,35.0,False,ATC,116,0.835,HAM-ZRH
2026-07-04,LH1705,AMS,FRA,58,0.0,13.0,False,No delay,184,0.919,AMS-FRA
2026-07-04,LH1754,MUC,AMS,151,0.0,0.0,False,No delay,193,0.804,MUC-AMS
2026-07-04,LH1761,DUS,BER,73,0.0,4.0,False,No delay,79,0.746,DUS-BER
2026-07-05,LH1115,ZRH,DUS,192,0.0,0.0,False,No delay,88,0.799,ZRH-DUS
2026-07-05,LH1128,DUS,MUC,127,0.0,0.0,False,No delay,141,0.761,DUS-MUC
2026-07-05,LH1227,VIE,AMS,199,11.0,4.0,False,No delay,106,0.843,VIE-AMS
2026-07-05,LH1265,FRA,DUS,108,5.0,8.0,False,No delay,195,0.684,FRA-DUS
2026-07-05,LH1287,DUS,VIE,174,19.0,17.0,False,ATC,184,0.859,DUS-VIE
2026-07-05,LH1423,AMS,HAM,182,13.0,29.0,False,No delay,119,0.902,AMS-HAM
2026-07-05,LH1436,VIE,MUC,185,18.0,0.0,False,No delay,153,0.99,VIE-MUC
2026-07-05,LH1534,BER,DUS,151,21.0,13.0,False,No delay,174,0.763,BER-DUS
2026-07-05,LH1569,FRA,MUC,76,28.0,32.0,False,Late inbound,186,0.807,FRA-MUC
2026-07-05,LH1596,DUS,AMS,162,5.0,7.0,False,No delay,187,0.801,DUS-AMS
2026-07-05,LH1676,DUS,BER,186,4.0,0.0,False,No delay,94,0.898,DUS-BER
2026-07-05,LH1707,DUS,ZRH,97,10.0,13.0,False,No delay,74,0.92,DUS-ZRH
2026-07-06,LH1241,BER,AMS,194,19.0,26.0,False,No delay,181,0.618,BER-AMS
2026-07-06,LH1259,BER,HAM,201,41.0,38.0,False,Weather,101,0.871,BER-HAM
2026-07-06,LH1269,AMS,HAM,142,20.0,31.0,False,Late inbound,125,0.87,AMS-HAM
2026-07-06,LH1393,FRA,MUC,200,1.0,0.0,False,No delay,179,0.836,FRA-MUC
2026-07-06,LH1454,MUC,BER,60,13.0,22.0,False,Ground handling,218,0.899,MUC-BER
2026-07-06,LH1467,HAM,VIE,104,0.0,4.0,False,No delay,149,0.931,HAM-VIE
2026-07-06,LH1519,HAM,ZRH,150,0.0,3.0,False,No delay,91,0.97,HAM-ZRH
2026-07-06,LH1530,HAM,FRA,169,0.0,0.0,False,No delay,123,0.977,HAM-FRA
2026-07-06,LH1547,AMS,ZRH,59,0.0,0.0,False,No delay,176,0.86,AMS-ZRH
2026-07-06,LH1664,DUS,HAM,64,25.0,31.0,False,Ground handling,100,0.892,DUS-HAM
2026-07-06,LH1687,FRA,HAM,85,31.0,22.0,False,Late inbound,159,0.99,FRA-HAM
2026-07-06,LH1697,VIE,AMS,130,44.0,46.0,False,No delay,138,0.985,VIE-AMS
2026-07-06,LH1719,AMS,BER,153,37.0,48.0,False,Ground handling,92,0.818,AMS-BER
2026-07-06,LH1785,DUS,HAM,94,20.0,0.0,False,No delay,76,0.779,DUS-HAM
2026-07-07,LH1136,AMS,BER,102,0.0,0.0,False,No delay,75,0.857,AMS-BER
2026-07-07,LH1192,ZRH,BER,141,4.0,0.0,False,No delay,180,0.756,ZRH-BER
2026-07-07,LH1268,AMS,BER,94,31.0,15.0,False,No delay,138,0.853,AMS-BER
2026-07-07,LH1322,AMS,DUS,133,19.0,25.0,False,ATC,190,0.99,AMS-DUS
2026-07-07,LH1489,AMS,HAM,167,,,True,Weather,174,0.931,AMS-HAM
2026-07-07,LH1493,VIE,HAM,131,0.0,1.0,False,No delay,151,0.903,VIE-HAM
2026-07-07,LH1600,DUS,FRA,97,0.0,1.0,False,No delay,117,0.914,DUS-FRA
2026-07-07,LH1624,DUS,BER,160,20.0,15.0,False,No delay,174,0.762,DUS-BER
2026-07-07,LH1671,BER,FRA,154,29.0,20.0,False,No delay,128,0.852,BER-FRA
2026-07-07,LH1701,VIE,FRA,100,0.0,13.0,False,No delay,217,0.813,VIE-FRA
2026-07-07,LH1766,ZRH,VIE,117,0.0,0.0,False,No delay,182,0.812,ZRH-VIE
2026-07-07,LH1849,VIE,BER,201,32.0,32.0,False,Ground handling,139,0.931,VIE-BER
2026-07-07,LH1895,MUC,BER,135,7.0,11.0,False,No delay,142,0.939,MUC-BER
2026-07-07,LH1899,DUS,FRA,175,20.0,28.0,False,Technical,162,0.796,DUS-FRA
2026-07-08,LH1039,DUS,ZRH,64,0.0,8.0,False,No delay,194,0.719,DUS-ZRH
2026-07-08,LH1084,DUS,BER,79,8.0,0.0,False,No delay,161,0.755,DUS-BER
2026-07-08,LH1191,HAM,MUC,63,0.0,0.0,False,No delay,116,0.96,HAM-MUC
2026-07-08,LH1239,DUS,HAM,59,15.0,20.0,False,No delay,117,0.68,DUS-HAM
2026-07-08,LH1244,BER,MUC,148,37.0,41.0,False,Weather,172,0.652,BER-MUC
2026-07-08,LH1342,AMS,MUC,55,31.0,30.0,False,Weather,90,0.843,AMS-MUC
2026-07-08,LH1598,HAM,BER,57,0.0,0.0,False,No delay,194,0.8,HAM-BER
2026-07-08,LH1657,ZRH,AMS,98,27.0,22.0,False,Weather,126,0.906,ZRH-AMS
2026-07-08,LH1674,MUC,FRA,172,0.0,3.0,False,No delay,123,0.868,MUC-FRA
2026-07-08,LH1824,DUS,AMS,105,0.0,0.0,False,No delay,70,0.817,DUS-AMS
2026-07-08,LH1879,VIE,BER,128,63.0,60.0,False,Late inbound,93,0.87,VIE-BER
2026-07-09,LH1025,AMS,ZRH,61,50.0,41.0,False,ATC,135,0.889,AMS-ZRH
2026-07-09,LH1098,AMS,VIE,196,38.0,37.0,False,Weather,78,0.782,AMS-VIE
2026-07-09,LH1129,BER,AMS,153,23.0,23.0,False,Late inbound,123,0.894,BER-AMS
2026-07-09,LH1243,ZRH,VIE,96,27.0,14.0,False,No delay,101,0.839,ZRH-VIE
2026-07-09,LH1340,DUS,VIE,97,10.0,14.0,False,No delay,154,0.843,DUS-VIE
2026-07-09,LH1457,MUC,VIE,145,0.0,0.0,False,No delay,117,0.886,MUC-VIE
2026-07-09,LH1474,AMS,MUC,141,0.0,0.0,False,No delay,219,0.708,AMS-MUC
2026-07-09,LH1568,ZRH,MUC,206,0.0,0.0,False,No delay,167,0.939,ZRH-MUC
2026-07-09,LH1599,ZRH,VIE,122,22.0,27.0,False,No delay,73,0.67,ZRH-VIE
2026-07-09,LH1615,AMS,HAM,194,2.0,4.0,False,No delay,180,0.76,AMS-HAM
2026-07-09,LH1672,VIE,HAM,166,0.0,11.0,False,No delay,179,0.88,VIE-HAM
2026-07-09,LH1742,HAM,AMS,130,6.0,0.0,False,No delay,89,0.722,HAM-AMS
2026-07-09,LH1781,FRA,HAM,69,3.0,7.0,False,No delay,166,0.815,FRA-HAM
2026-07-10,LH1002,MUC,HAM,131,19.0,11.0,False,No delay,114,0.774,MUC-HAM
2026-07-10,LH1107,DUS,MUC,85,24.0,15.0,False,No delay,108,0.898,DUS-MUC
2026-07-10,LH1122,ZRH,FRA,82,23.0,14.0,False,No delay,114,0.79,ZRH-FRA
2026-07-10,LH1155,AMS,HAM,91,,,True,ATC,186,0.977,AMS-HAM
2026-07-10,LH1161,VIE,AMS,102,4.0,9.0,False,No delay,77,0.885,VIE-AMS
2026-07-10,LH1236,VIE,DUS,194,2.0,0.0,False,No delay,149,0.55,VIE-DUS
2026-07-10,LH1254,BER,VIE,205,11.0,10.0,False,No delay,136,0.681,BER-VIE
2026-07-10,LH1310,DUS,BER,189,36.0,44.0,False,No delay,142,0.932,DUS-BER
2026-07-10,LH1315,FRA,MUC,102,0.0,0.0,False,No delay,77,0.921,FRA-MUC
2026-07-10,LH1371,FRA,VIE,198,11.0,12.0,False,No delay,158,0.792,FRA-VIE
2026-07-10,LH1445,AMS,ZRH,154,0.0,11.0,False,No delay,151,0.914,AMS-ZRH
2026-07-10,LH1478,DUS,BER,124,0.0,0.0,False,No delay,97,0.99,DUS-BER
2026-07-10,LH1501,MUC,ZRH,129,26.0,27.0,False,Late inbound,144,0.99,MUC-ZRH
2026-07-10,LH1651,ZRH,AMS,63,0.0,0.0,False,No delay,162,0.732,ZRH-AMS
2026-07-10,LH1729,MUC,DUS,174,39.0,24.0,False,Ground handling,125,0.99,MUC-DUS
2026-07-10,LH1770,ZRH,FRA,63,0.0,1.0,False,No delay,209,0.789,ZRH-FRA
2026-07-10,LH1818,HAM,VIE,88,3.0,4.0,False,No delay,155,0.79,HAM-VIE
2026-07-10,LH1821,VIE,HAM,112,2.0,0.0,False,No delay,183,0.92,VIE-HAM
2026-07-10,LH1823,VIE,AMS,68,24.0,16.0,False,Late inbound,83,0.901,VIE-AMS
2026-07-10,LH1841,VIE,HAM,104,29.0,47.0,False,Ground handling,145,0.832,VIE-HAM
2026-07-11,LH1048,AMS,DUS,62,25.0,23.0,False,Late inbound,124,0.879,AMS-DUS
2026-07-11,LH1059,HAM,VIE,70,32.0,31.0,False,Weather,216,0.824,HAM-VIE
2026-07-11,LH1079,DUS,FRA,156,8.0,0.0,False,No delay,172,0.816,DUS-FRA
2026-07-11,LH1097,BER,ZRH,159,38.0,33.0,False,Weather,212,0.761,BER-ZRH
2026-07-11,LH1121,FRA,DUS,175,2.0,12.0,False,No delay,97,0.717,FRA-DUS
2026-07-11,LH1256,FRA,VIE,203,20.0,19.0,False,Late inbound,121,0.772,FRA-VIE
2026-07-11,LH1282,VIE,BER,122,10.0,18.0,False,Weather,137,0.816,VIE-BER
2026-07-11,LH1311,ZRH,VIE,72,14.0,17.0,False,Late inbound,189,0.888,ZRH-VIE
2026-07-11,LH1415,BER,HAM,93,20.0,20.0,False,ATC,209,0.763,BER-HAM
2026-07-11,LH1549,FRA,DUS,104,5.0,9.0,False,No delay,197,0.693,FRA-DUS
2026-07-11,LH1640,HAM,BER,145,28.0,24.0,False,No delay,209,0.97,HAM-BER
2026-07-11,LH1710,ZRH,MUC,136,10.0,4.0,False,No delay,209,0.783,ZRH-MUC
2026-07-11,LH1735,DUS,AMS,58,51.0,65.0,False,Late inbound,141,0.903,DUS-AMS
2026-07-11,LH1826,AMS,FRA,136,14.0,23.0,False,Late inbound,122,0.787,AMS-FRA
2026-07-11,LH1858,DUS,VIE,64,17.0,17.0,False,ATC,73,0.859,DUS-VIE
2026-07-12,LH1007,MUC,HAM,207,3.0,0.0,False,No delay,211,0.699,MUC-HAM
2026-07-12,LH1074,MUC,HAM,58,58.0,66.0,False,Ground handling,94,0.879,MUC-HAM
2026-07-12,LH1174,HAM,DUS,133,0.0,0.0,False,No delay,118,0.881,HAM-DUS
2026-07-12,LH1183,DUS,ZRH,166,55.0,51.0,False,Late inbound,142,0.93,DUS-ZRH
2026-07-12,LH1190,DUS,AMS,60,20.0,25.0,False,Technical,167,0.879,DUS-AMS
2026-07-12,LH1203,MUC,HAM,198,0.0,0.0,False,No delay,195,0.877,MUC-HAM
2026-07-12,LH1421,BER,MUC,105,0.0,0.0,False,No delay,184,0.886,BER-MUC
2026-07-12,LH1586,MUC,AMS,69,24.0,15.0,False,No delay,91,0.795,MUC-AMS
2026-07-12,LH1614,MUC,BER,119,0.0,0.0,False,No delay,108,0.884,MUC-BER
2026-07-12,LH1635,FRA,DUS,96,12.0,1.0,False,No delay,99,0.847,FRA-DUS
2026-07-12,LH1665,HAM,MUC,144,16.0,16.0,False,Ground handling,163,0.797,HAM-MUC
2026-07-12,LH1787,HAM,BER,177,35.0,33.0,False,No delay,182,0.631,HAM-BER
2026-07-12,LH1812,AMS,MUC,105,33.0,25.0,False,Ground handling,89,0.825,AMS-MUC
2026-07-12,LH1865,AMS,DUS,167,18.0,22.0,False,Ground handling,161,0.747,AMS-DUS
2026-07-12,LH1874,ZRH,AMS,149,33.0,51.0,False,Weather,95,0.748,ZRH-AMS
2026-07-13,LH1042,AMS,ZRH,208,17.0,19.0,False,Late inbound,131,0.922,AMS-ZRH
2026-07-13,LH1085,VIE,MUC,105,0.0,0.0,False,No delay,182,0.769,VIE-MUC
2026-07-13,LH1109,DUS,AMS,194,7.0,2.0,False,No delay,189,0.801,DUS-AMS
2026-07-13,LH1222,BER,VIE,73,9.0,6.0,False,No delay,168,0.956,BER-VIE
2026-07-13,LH1429,BER,AMS,177,0.0,10.0,False,No delay,212,0.809,BER-AMS
2026-07-13,LH1540,ZRH,HAM,113,26.0,17.0,False,Technical,111,0.785,ZRH-HAM
2026-07-13,LH1891,AMS,DUS,145,9.0,2.0,False,No delay,100,0.89,AMS-DUS
2026-07-14,LH1014,DUS,AMS,134,0.0,6.0,False,No delay,143,0.932,DUS-AMS
2026-07-14,LH1173,DUS,BER,60,0.0,0.0,False,No delay,133,0.778,DUS-BER
2026-07-14,LH1176,VIE,AMS,170,28.0,16.0,False,No delay,158,0.743,VIE-AMS
2026-07-14,LH1211,MUC,HAM,163,21.0,14.0,False,No delay,203,0.891,MUC-HAM
2026-07-14,LH1224,ZRH,FRA,201,13.0,11.0,False,No delay,127,0.809,ZRH-FRA
2026-07-14,LH1235,FRA,ZRH,171,0.0,0.0,False,No delay,179,0.872,FRA-ZRH
2026-07-14,LH1316,DUS,AMS,56,,,True,Technical,70,0.874,DUS-AMS
2026-07-14,LH1317,VIE,DUS,132,34.0,32.0,False,Ground handling,123,0.853,VIE-DUS
2026-07-14,LH1394,AMS,VIE,197,16.0,12.0,False,No delay,119,0.982,AMS-VIE
2026-07-14,LH1460,FRA,DUS,192,0.0,0.0,False,No delay,83,0.926,FRA-DUS
2026-07-14,LH1675,BER,HAM,92,35.0,32.0,False,Ground handling,93,0.892,BER-HAM
2026-07-14,LH1680,BER,VIE,105,11.0,12.0,False,No delay,192,0.733,BER-VIE
2026-07-14,LH1696,VIE,ZRH,79,14.0,8.0,False,No delay,213,0.897,VIE-ZRH
2026-07-14,LH1712,VIE,AMS,202,13.0,0.0,False,No delay,166,0.979,VIE-AMS
2026-07-14,LH1726,DUS,HAM,132,15.0,11.0,False,No delay,168,0.75,DUS-HAM
2026-07-14,LH1730,DUS,AMS,153,10.0,0.0,False,No delay,179,0.92,DUS-AMS
2026-07-14,LH1736,MUC,BER,205,25.0,17.0,False,Ground handling,100,0.879,MUC-BER
2026-07-14,LH1759,BER,DUS,145,37.0,32.0,False,Ground handling,169,0.789,BER-DUS
2026-07-14,LH1773,ZRH,HAM,108,19.0,19.0,False,Ground handling,96,0.969,ZRH-HAM
2026-07-14,LH1792,VIE,DUS,119,3.0,1.0,False,No delay,191,0.81,VIE-DUS
2026-07-15,LH1012,HAM,VIE,167,13.0,18.0,False,No delay,103,0.84,HAM-VIE
2026-07-15,LH1058,AMS,DUS,172,18.0,29.0,False,Ground handling,194,0.853,AMS-DUS
2026-07-15,LH1061,HAM,BER,208,11.0,0.0,False,No delay,104,0.981,HAM-BER
2026-07-15,LH1214,MUC,VIE,190,0.0,4.0,False,No delay,98,0.739,MUC-VIE
2026-07-15,LH1359,ZRH,BER,149,0.0,0.0,False,No delay,174,0.871,ZRH-BER
2026-07-15,LH1376,VIE,FRA,114,22.0,28.0,False,ATC,133,0.972,VIE-FRA
2026-07-15,LH1377,ZRH,HAM,155,1.0,0.0,False,No delay,193,0.832,ZRH-HAM
2026-07-15,LH1390,MUC,BER,66,33.0,40.0,False,Ground handling,125,0.717,MUC-BER
2026-07-15,LH1431,VIE,FRA,202,5.0,7.0,False,No delay,187,0.852,VIE-FRA
2026-07-15,LH1462,BER,FRA,147,1.0,0.0,False,No delay,153,0.724,BER-FRA
2026-07-15,LH1470,AMS,BER,201,40.0,32.0,False,Late inbound,71,0.936,AMS-BER
2026-07-15,LH1511,DUS,FRA,122,8.0,0.0,False,No delay,149,0.827,DUS-FRA
2026-07-15,LH1556,AMS,HAM,144,24.0,26.0,False,Technical,182,0.769,AMS-HAM
2026-07-15,LH1602,MUC,VIE,175,0.0,0.0,False,No delay,91,0.815,MUC-VIE
2026-07-15,LH1630,FRA,MUC,183,9.0,4.0,False,No delay,105,0.703,FRA-MUC
2026-07-15,LH1661,BER,MUC,144,0.0,0.0,False,No delay,147,0.744,BER-MUC
2026-07-15,LH1738,MUC,DUS,157,32.0,36.0,False,Late inbound,211,0.823,MUC-DUS
2026-07-15,LH1756,ZRH,FRA,170,17.0,17.0,False,Late inbound,122,0.786,ZRH-FRA
2026-07-15,LH1804,AMS,ZRH,118,15.0,4.0,False,No delay,79,0.829,AMS-ZRH
2026-07-15,LH1877,MUC,AMS,97,45.0,41.0,False,Late inbound,200,0.834,MUC-AMS
2026-07-15,LH1885,MUC,HAM,89,9.0,2.0,False,No delay,83,0.899,MUC-HAM
2026-07-15,LH1894,HAM,AMS,148,56.0,62.0,False,Technical,96,0.738,HAM-AMS
2026-07-16,LH1013,AMS,HAM,180,0.0,0.0,False,No delay,129,0.859,AMS-HAM
2026-07-16,LH1041,HAM,FRA,173,4.0,12.0,False,No delay,192,0.753,HAM-FRA
2026-07-16,LH1050,FRA,BER,177,34.0,38.0,False,ATC,219,0.734,FRA-BER
2026-07-16,LH1127,BER,MUC,57,10.0,0.0,False,No delay,119,0.905,BER-MUC
2026-07-16,LH1206,MUC,HAM,79,22.0,23.0,False,Ground handling,195,0.783,MUC-HAM
2026-07-16,LH1233,ZRH,VIE,151,49.0,52.0,False,No delay,119,0.801,ZRH-VIE
2026-07-16,LH1246,DUS,HAM,122,26.0,28.0,False,ATC,88,0.932,DUS-HAM
2026-07-16,LH1422,DUS,FRA,76,0.0,1.0,False,No delay,213,0.911,DUS-FRA
2026-07-16,LH1488,AMS,BER,98,18.0,29.0,False,No delay,165,0.933,AMS-BER
2026-07-16,LH1492,AMS,MUC,74,29.0,33.0,False,No delay,129,0.835,AMS-MUC
2026-07-16,LH1656,AMS,ZRH,167,0.0,12.0,False,No delay,118,0.797,AMS-ZRH
2026-07-16,LH1713,VIE,ZRH,160,16.0,18.0,False,Late inbound,208,0.865,VIE-ZRH
2026-07-16,LH1741,FRA,AMS,104,0.0,0.0,False,No delay,81,0.911,FRA-AMS
2026-07-17,LH1001,FRA,HAM,198,8.0,12.0,False,No delay,126,0.71,FRA-HAM
2026-07-17,LH1024,MUC,ZRH,96,23.0,12.0,False,No delay,157,0.709,MUC-ZRH
2026-07-17,LH1049,BER,MUC,195,16.0,13.0,False,No delay,87,0.84,BER-MUC
2026-07-17,LH1088,MUC,FRA,56,22.0,30.0,False,No delay,210,0.761,MUC-FRA
2026-07-17,LH1106,ZRH,BER,174,0.0,0.0,False,No delay,134,0.887,ZRH-BER
2026-07-17,LH1111,ZRH,AMS,93,38.0,33.0,False,No delay,157,0.753,ZRH-AMS
2026-07-17,LH1172,ZRH,VIE,145,7.0,6.0,False,No delay,70,0.734,ZRH-VIE
2026-07-17,LH1209,FRA,VIE,122,4.0,0.0,False,No delay,181,0.975,FRA-VIE
2026-07-17,LH1277,MUC,HAM,159,22.0,37.0,False,Technical,93,0.788,MUC-HAM
2026-07-17,LH1319,HAM,VIE,118,27.0,33.0,False,Late inbound,83,0.909,HAM-VIE
2026-07-17,LH1369,FRA,AMS,130,0.0,0.0,False,No delay,136,0.99,FRA-AMS
2026-07-17,LH1401,HAM,FRA,152,0.0,0.0,False,No delay,141,0.805,HAM-FRA
2026-07-17,LH1597,ZRH,BER,83,0.0,0.0,False,No delay,76,0.854,ZRH-BER
2026-07-17,LH1601,BER,DUS,59,63.0,66.0,False,No delay,159,0.859,BER-DUS
2026-07-17,LH1644,MUC,DUS,206,30.0,21.0,False,Weather,128,0.789,MUC-DUS
2026-07-17,LH1689,FRA,BER,133,24.0,15.0,False,No delay,175,0.775,FRA-BER
2026-07-17,LH1733,AMS,MUC,74,0.0,0.0,False,No delay,146,0.817,AMS-MUC
2026-07-17,LH1765,HAM,MUC,96,0.0,0.0,False,No delay,147,0.707,HAM-MUC
2026-07-17,LH1805,ZRH,AMS,106,18.0,7.0,False,No delay,160,0.908,ZRH-AMS
2026-07-17,LH1814,VIE,FRA,88,11.0,12.0,False,No delay,101,0.71,VIE-FRA
2026-07-17,LH1835,ZRH,FRA,159,0.0,0.0,False,No delay,192,0.838,ZRH-FRA
2026-07-17,LH1863,DUS,HAM,69,20.0,9.0,False,No delay,165,0.858,DUS-HAM
2026-07-18,LH1015,HAM,FRA,69,43.0,43.0,False,Late inbound,141,0.713,HAM-FRA
2026-07-18,LH1070,BER,FRA,94,15.0,3.0,False,No delay,193,0.827,BER-FRA
2026-07-18,LH1104,MUC,BER,191,30.0,3.0,False,No delay,116,0.868,MUC-BER
2026-07-18,LH1105,AMS,MUC,197,4.0,2.0,False,No delay,85,0.792,AMS-MUC
2026-07-18,LH1134,FRA,MUC,87,3.0,5.0,False,No delay,78,0.727,FRA-MUC
2026-07-18,LH1159,BER,MUC,120,6.0,1.0,False,No delay,185,0.897,BER-MUC
2026-07-18,LH1212,MUC,FRA,77,0.0,0.0,False,No delay,77,0.87,MUC-FRA
2026-07-18,LH1248,VIE,ZRH,151,1.0,0.0,False,No delay,171,0.887,VIE-ZRH
2026-07-18,LH1260,DUS,AMS,148,7.0,15.0,False,No delay,151,0.726,DUS-AMS
2026-07-18,LH1475,AMS,HAM,126,7.0,17.0,False,Late inbound,157,0.817,AMS-HAM
2026-07-18,LH1483,AMS,ZRH,191,31.0,16.0,False,Weather,219,0.738,AMS-ZRH
2026-07-18,LH1558,BER,VIE,179,0.0,0.0,False,No delay,169,0.99,BER-VIE
2026-07-18,LH1612,VIE,AMS,192,13.0,21.0,False,Ground handling,172,0.889,VIE-AMS
2026-07-18,LH1638,VIE,ZRH,109,1.0,0.0,False,No delay,138,0.664,VIE-ZRH
2026-07-18,LH1691,BER,FRA,206,0.0,0.0,False,No delay,114,0.869,BER-FRA
2026-07-18,LH1715,MUC,ZRH,187,9.0,10.0,False,No delay,114,0.819,MUC-ZRH
2026-07-18,LH1724,DUS,FRA,71,15.0,4.0,False,No delay,136,0.956,DUS-FRA
2026-07-18,LH1744,MUC,ZRH,60,0.0,0.0,False,No delay,191,0.838,MUC-ZRH
2026-07-19,LH1091,DUS,MUC,94,14.0,21.0,False,No delay,73,0.841,DUS-MUC
2026-07-19,LH1102,DUS,VIE,144,54.0,48.0,False,No delay,163,0.796,DUS-VIE
2026-07-19,LH1165,HAM,VIE,132,1.0,0.0,False,No delay,217,0.86,HAM-VIE
2026-07-19,LH1226,ZRH,DUS,122,34.0,18.0,False,No delay,70,0.832,ZRH-DUS
2026-07-19,LH1290,HAM,AMS,92,4.0,19.0,False,Technical,130,0.99,HAM-AMS
2026-07-19,LH1335,BER,VIE,57,16.0,24.0,False,Weather,129,0.703,BER-VIE
2026-07-19,LH1427,FRA,AMS,166,0.0,0.0,False,No delay,96,0.875,FRA-AMS
2026-07-19,LH1471,BER,AMS,179,3.0,0.0,False,No delay,123,0.757,BER-AMS
2026-07-19,LH1513,ZRH,FRA,145,56.0,72.0,False,Late inbound,208,0.977,ZRH-FRA
2026-07-19,LH1550,BER,DUS,60,4.0,1.0,False,No delay,114,0.721,BER-DUS
2026-07-19,LH1590,BER,HAM,149,34.0,30.0,False,No delay,202,0.96,BER-HAM
2026-07-19,LH1595,HAM,VIE,72,13.0,0.0,False,No delay,128,0.827,HAM-VIE
2026-07-19,LH1653,DUS,HAM,86,44.0,35.0,False,Ground handling,116,0.902,DUS-HAM
2026-07-19,LH1685,BER,AMS,77,18.0,41.0,False,ATC,173,0.99,BER-AMS
2026-07-19,LH1836,DUS,BER,142,45.0,37.0,False,Technical,91,0.912,DUS-BER
2026-07-19,LH1851,AMS,BER,194,24.0,38.0,False,ATC,123,0.801,AMS-BER
2026-07-19,LH1859,DUS,MUC,190,14.0,15.0,False,No delay,152,0.819,DUS-MUC
2026-07-19,LH1884,VIE,DUS,87,25.0,22.0,False,Late inbound,150,0.83,VIE-DUS
2026-07-20,LH1027,BER,AMS,118,0.0,0.0,False,No delay,123,0.819,BER-AMS
2026-07-20,LH1037,MUC,BER,178,6.0,0.0,False,No delay,182,0.921,MUC-BER
2026-07-20,LH1083,VIE,ZRH,144,0.0,1.0,False,No delay,133,0.862,VIE-ZRH
2026-07-20,LH1089,ZRH,HAM,156,22.0,20.0,False,Weather,82,0.894,ZRH-HAM
2026-07-20,LH1100,ZRH,DUS,105,5.0,6.0,False,No delay,145,0.652,ZRH-DUS
2026-07-20,LH1148,VIE,FRA,209,0.0,0.0,False,No delay,209,0.743,VIE-FRA
2026-07-20,LH1301,HAM,VIE,209,40.0,26.0,False,No delay,144,0.818,HAM-VIE
2026-07-20,LH1333,VIE,HAM,200,0.0,0.0,False,No delay,179,0.852,VIE-HAM
2026-07-20,LH1387,MUC,BER,69,52.0,55.0,False,Late inbound,201,0.945,MUC-BER
2026-07-20,LH1432,HAM,AMS,128,35.0,30.0,False,Late inbound,86,0.824,HAM-AMS
2026-07-20,LH1481,BER,AMS,84,,,True,ATC,126,0.854,BER-AMS
2026-07-20,LH1523,VIE,MUC,67,13.0,13.0,False,No delay,109,0.882,VIE-MUC
2026-07-20,LH1544,MUC,DUS,75,40.0,36.0,False,Late inbound,76,0.747,MUC-DUS
2026-07-20,LH1552,FRA,VIE,97,11.0,2.0,False,No delay,80,0.618,FRA-VIE
2026-07-20,LH1604,DUS,HAM,196,20.0,26.0,False,No delay,219,0.722,DUS-HAM
2026-07-20,LH1740,VIE,BER,200,44.0,28.0,False,No delay,93,0.854,VIE-BER
2026-07-20,LH1793,HAM,FRA,145,0.0,0.0,False,No delay,91,0.921,HAM-FRA
2026-07-20,LH1848,ZRH,AMS,132,15.0,16.0,False,No delay,118,0.798,ZRH-AMS
2026-07-20,LH1866,DUS,MUC,200,0.0,0.0,False,No delay,86,0.841,DUS-MUC
2026-07-21,LH1018,BER,MUC,89,32.0,21.0,False,Ground handling,122,0.88,BER-MUC
2026-07-21,LH1092,MUC,AMS,128,0.0,0.0,False,No delay,208,0.953,MUC-AMS
2026-07-21,LH1296,VIE,AMS,116,35.0,31.0,False,Technical,75,0.95,VIE-AMS
2026-07-21,LH1360,BER,ZRH,64,37.0,32.0,False,No delay,193,0.866,BER-ZRH
2026-07-21,LH1458,FRA,VIE,157,14.0,15.0,False,No delay,109,0.837,FRA-VIE
2026-07-21,LH1476,AMS,MUC,128,53.0,53.0,False,Ground handling,114,0.946,AMS-MUC
2026-07-21,LH1512,BER,DUS,137,4.0,0.0,False,No delay,91,0.851,BER-DUS
2026-07-21,LH1581,FRA,HAM,102,23.0,27.0,False,Ground handling,132,0.824,FRA-HAM
2026-07-21,LH1588,FRA,AMS,70,8.0,3.0,False,No delay,205,0.728,FRA-AMS
2026-07-21,LH1589,DUS,ZRH,111,35.0,27.0,False,Ground handling,142,0.78,DUS-ZRH
2026-07-21,LH1610,BER,DUS,178,,,True,ATC,167,0.836,BER-DUS
2026-07-21,LH1649,FRA,MUC,183,43.0,38.0,False,Technical,87,0.99,FRA-MUC
2026-07-21,LH1722,AMS,MUC,107,0.0,0.0,False,No delay,123,0.784,AMS-MUC
2026-07-21,LH1774,VIE,ZRH,207,13.0,22.0,False,No delay,96,0.884,VIE-ZRH
2026-07-21,LH1815,AMS,VIE,89,0.0,0.0,False,No delay,84,0.953,AMS-VIE
2026-07-21,LH1855,BER,DUS,205,8.0,15.0,False,No delay,116,0.772,BER-DUS
2026-07-21,LH1864,DUS,MUC,179,10.0,2.0,False,No delay,146,0.914,DUS-MUC
2026-07-21,LH1867,HAM,AMS,168,17.0,17.0,False,Technical,139,0.751,HAM-AMS
2026-07-22,LH1005,VIE,FRA,96,7.0,0.0,False,No delay,104,0.875,VIE-FRA
2026-07-22,LH1036,MUC,AMS,189,2.0,9.0,False,No delay,132,0.848,MUC-AMS
2026-07-22,LH1124,ZRH,BER,171,0.0,0.0,False,No delay,96,0.808,ZRH-BER
2026-07-22,LH1145,MUC,FRA,70,5.0,9.0,False,No delay,154,0.768,MUC-FRA
2026-07-22,LH1150,DUS,AMS,101,0.0,0.0,False,No delay,119,0.87,DUS-AMS
2026-07-22,LH1231,VIE,MUC,173,0.0,0.0,False,No delay,88,0.893,VIE-MUC
2026-07-22,LH1426,VIE,AMS,94,33.0,24.0,False,Ground handling,217,0.818,VIE-AMS
2026-07-22,LH1559,DUS,MUC,139,16.0,20.0,False,Technical,184,0.658,DUS-MUC
2026-07-22,LH1609,VIE,FRA,111,0.0,0.0,False,No delay,80,0.858,VIE-FRA
2026-07-22,LH1642,FRA,VIE,127,4.0,11.0,False,No delay,154,0.871,FRA-VIE
2026-07-22,LH1667,DUS,VIE,68,,,True,Technical,180,0.821,DUS-VIE
2026-07-22,LH1779,DUS,MUC,133,9.0,4.0,False,No delay,90,0.946,DUS-MUC
2026-07-22,LH1828,HAM,DUS,109,32.0,33.0,False,Ground handling,124,0.785,HAM-DUS
2026-07-22,LH1834,ZRH,FRA,155,34.0,41.0,False,Ground handling,202,0.816,ZRH-FRA
2026-07-22,LH1881,BER,FRA,206,15.0,0.0,False,No delay,138,0.883,BER-FRA
2026-07-23,LH1395,DUS,ZRH,81,0.0,2.0,False,No delay,203,0.883,DUS-ZRH
2026-07-23,LH1491,DUS,BER,129,13.0,17.0,False,ATC,90,0.836,DUS-BER
2026-07-23,LH1503,BER,AMS,64,0.0,0.0,False,No delay,189,0.842,BER-AMS
2026-07-23,LH1516,VIE,FRA,79,,,True,Weather,208,0.771,VIE-FRA
2026-07-23,LH1557,HAM,MUC,158,25.0,26.0,False,Late inbound,89,0.924,HAM-MUC
2026-07-23,LH1780,AMS,HAM,208,0.0,0.0,False,No delay,79,0.692,AMS-HAM
2026-07-23,LH1811,HAM,AMS,82,24.0,37.0,False,Ground handling,78,0.852,HAM-AMS
2026-07-24,LH1034,HAM,MUC,202,55.0,41.0,False,Technical,187,0.79,HAM-MUC
2026-07-24,LH1047,MUC,DUS,56,15.0,8.0,False,No delay,137,0.866,MUC-DUS
2026-07-24,LH1094,DUS,MUC,112,14.0,6.0,False,No delay,160,0.904,DUS-MUC
2026-07-24,LH1303,ZRH,MUC,113,0.0,17.0,False,ATC,121,0.893,ZRH-MUC
2026-07-24,LH1357,DUS,VIE,157,39.0,43.0,False,Late inbound,152,0.781,DUS-VIE
2026-07-24,LH1361,AMS,MUC,152,15.0,0.0,False,No delay,83,0.929,AMS-MUC
2026-07-24,LH1363,ZRH,AMS,155,8.0,20.0,False,ATC,168,0.77,ZRH-AMS
2026-07-24,LH1374,ZRH,MUC,178,5.0,11.0,False,No delay,160,0.851,ZRH-MUC
2026-07-24,LH1388,FRA,HAM,70,0.0,0.0,False,No delay,202,0.792,FRA-HAM
2026-07-24,LH1564,ZRH,HAM,178,42.0,42.0,False,Late inbound,182,0.85,ZRH-HAM
2026-07-24,LH1578,MUC,AMS,147,8.0,0.0,False,No delay,124,0.962,MUC-AMS
2026-07-24,LH1739,BER,HAM,207,,,True,Weather,184,0.829,BER-HAM
2026-07-24,LH1827,DUS,FRA,102,27.0,17.0,False,Late inbound,210,0.912,DUS-FRA
2026-07-25,LH1066,DUS,FRA,205,14.0,18.0,False,Late inbound,73,0.942,DUS-FRA
2026-07-25,LH1178,HAM,FRA,193,12.0,7.0,False,No delay,138,0.856,HAM-FRA
2026-07-25,LH1201,HAM,FRA,68,0.0,0.0,False,No delay,166,0.915,HAM-FRA
2026-07-25,LH1219,HAM,ZRH,128,0.0,1.0,False,No delay,215,0.914,HAM-ZRH
2026-07-25,LH1323,VIE,DUS,80,28.0,36.0,False,Ground handling,72,0.719,VIE-DUS
2026-07-25,LH1344,AMS,BER,121,0.0,0.0,False,No delay,113,0.691,AMS-BER
2026-07-25,LH1528,BER,FRA,185,36.0,40.0,False,Late inbound,94,0.816,BER-FRA
2026-07-25,LH1591,HAM,MUC,68,15.0,20.0,False,Weather,134,0.823,HAM-MUC
2026-07-25,LH1641,MUC,FRA,193,2.0,3.0,False,No delay,101,0.955,MUC-FRA
2026-07-25,LH1839,MUC,ZRH,113,2.0,8.0,False,No delay,164,0.841,MUC-ZRH
2026-07-25,LH1842,HAM,MUC,122,10.0,21.0,False,Late inbound,116,0.985,HAM-MUC
2026-07-26,LH1023,MUC,AMS,163,17.0,3.0,False,No delay,132,0.949,MUC-AMS
2026-07-26,LH1060,MUC,VIE,127,30.0,13.0,False,No delay,199,0.77,MUC-VIE
2026-07-26,LH1152,DUS,FRA,59,30.0,38.0,False,Technical,195,0.744,DUS-FRA
2026-07-26,LH1263,DUS,VIE,92,23.0,24.0,False,Late inbound,174,0.796,DUS-VIE
2026-07-26,LH1420,FRA,AMS,191,28.0,27.0,False,ATC,179,0.877,FRA-AMS
2026-07-26,LH1437,BER,MUC,56,0.0,11.0,False,No delay,198,0.809,BER-MUC
2026-07-26,LH1451,HAM,DUS,209,0.0,0.0,False,No delay,218,0.839,HAM-DUS
2026-07-26,LH1469,VIE,AMS,59,0.0,9.0,False,No delay,94,0.936,VIE-AMS
2026-07-26,LH1490,BER,HAM,108,0.0,6.0,False,No delay,121,0.811,BER-HAM
2026-07-26,LH1498,FRA,MUC,91,,,True,ATC,131,0.821,FRA-MUC
2026-07-26,LH1526,VIE,BER,152,1.0,23.0,False,No delay,107,0.851,VIE-BER
2026-07-26,LH1529,ZRH,MUC,151,9.0,6.0,False,No delay,130,0.821,ZRH-MUC
2026-07-26,LH1576,HAM,ZRH,106,31.0,23.0,False,No delay,132,0.833,HAM-ZRH
2026-07-26,LH1585,ZRH,AMS,203,0.0,6.0,False,No delay,197,0.808,ZRH-AMS
2026-07-26,LH1668,AMS,FRA,133,0.0,0.0,False,No delay,91,0.928,AMS-FRA
2026-07-26,LH1692,HAM,AMS,84,0.0,0.0,False,No delay,140,0.752,HAM-AMS
2026-07-26,LH1714,FRA,AMS,120,0.0,0.0,False,No delay,212,0.854,FRA-AMS
2026-07-26,LH1721,FRA,MUC,67,15.0,24.0,False,ATC,73,0.852,FRA-MUC
2026-07-26,LH1732,FRA,AMS,84,3.0,7.0,False,No delay,83,0.819,FRA-AMS
2026-07-26,LH1803,MUC,DUS,127,11.0,2.0,False,No delay,166,0.804,MUC-DUS
2026-07-26,LH1861,HAM,ZRH,129,20.0,4.0,False,No delay,197,0.921,HAM-ZRH
2026-07-27,LH1080,DUS,HAM,158,0.0,0.0,False,No delay,195,0.802,DUS-HAM
2026-07-27,LH1180,AMS,VIE,93,0.0,13.0,False,No delay,115,0.813,AMS-VIE
2026-07-27,LH1285,BER,VIE,207,45.0,52.0,False,No delay,91,0.708,BER-VIE
2026-07-27,LH1318,ZRH,DUS,165,0.0,0.0,False,No delay,98,0.776,ZRH-DUS
2026-07-27,LH1347,HAM,AMS,86,0.0,0.0,False,No delay,205,0.697,HAM-AMS
2026-07-27,LH1381,VIE,MUC,147,0.0,2.0,False,No delay,218,0.836,VIE-MUC
2026-07-27,LH1382,HAM,DUS,86,36.0,32.0,False,Weather,167,0.929,HAM-DUS
2026-07-27,LH1408,HAM,MUC,113,23.0,28.0,False,No delay,198,0.873,HAM-MUC
2026-07-27,LH1570,AMS,FRA,57,27.0,51.0,False,Technical,205,0.728,AMS-FRA
2026-07-27,LH1639,DUS,FRA,68,,,True,ATC,113,0.868,DUS-FRA
2026-07-27,LH1679,DUS,MUC,177,33.0,30.0,False,Weather,145,0.753,DUS-MUC
2026-07-27,LH1693,FRA,DUS,72,0.0,0.0,False,No delay,120,0.754,FRA-DUS
2026-07-27,LH1753,DUS,MUC,167,1.0,0.0,False,No delay,106,0.916,DUS-MUC
2026-07-27,LH1762,MUC,VIE,94,8.0,6.0,False,No delay,70,0.824,MUC-VIE
2026-07-27,LH1763,DUS,HAM,177,11.0,17.0,False,Late inbound,75,0.981,DUS-HAM
2026-07-28,LH1194,BER,ZRH,166,28.0,20.0,False,Ground handling,124,0.853,BER-ZRH
2026-07-28,LH1199,HAM,BER,110,0.0,0.0,False,No delay,202,0.845,HAM-BER
2026-07-28,LH1273,MUC,BER,186,29.0,32.0,False,No delay,217,0.92,MUC-BER
2026-07-28,LH1292,MUC,ZRH,96,18.0,29.0,False,No delay,137,0.77,MUC-ZRH
2026-07-28,LH1336,FRA,DUS,96,0.0,0.0,False,No delay,86,0.797,FRA-DUS
2026-07-28,LH1339,FRA,HAM,107,35.0,45.0,False,ATC,165,0.667,FRA-HAM
2026-07-28,LH1447,VIE,MUC,61,9.0,7.0,False,No delay,129,0.837,VIE-MUC
2026-07-28,LH1450,FRA,DUS,122,10.0,3.0,False,No delay,184,0.818,FRA-DUS
2026-07-28,LH1465,FRA,VIE,139,8.0,0.0,False,No delay,182,0.902,FRA-VIE
2026-07-28,LH1502,BER,DUS,206,2.0,0.0,False,No delay,82,0.935,BER-DUS
2026-07-28,LH1514,DUS,MUC,148,20.0,9.0,False,No delay,160,0.821,DUS-MUC
2026-07-28,LH1648,HAM,ZRH,114,3.0,3.0,False,No delay,139,0.901,HAM-ZRH
2026-07-28,LH1670,FRA,AMS,125,31.0,27.0,False,No delay,152,0.77,FRA-AMS
2026-07-28,LH1682,DUS,MUC,165,9.0,8.0,False,No delay,110,0.863,DUS-MUC
2026-07-28,LH1683,HAM,BER,157,15.0,0.0,False,No delay,86,0.846,HAM-BER
2026-07-28,LH1750,MUC,VIE,57,4.0,0.0,False,No delay,214,0.868,MUC-VIE
2026-07-28,LH1775,AMS,BER,193,9.0,11.0,False,No delay,72,0.894,AMS-BER
2026-07-28,LH1852,VIE,AMS,105,16.0,16.0,False,Late inbound,107,0.938,VIE-AMS
2026-07-29,LH1011,MUC,VIE,70,26.0,24.0,False,ATC,162,0.734,MUC-VIE
2026-07-29,LH1045,FRA,DUS,144,11.0,12.0,False,No delay,195,0.793,FRA-DUS
2026-07-29,LH1063,MUC,BER,178,20.0,13.0,False,No delay,192,0.782,MUC-BER
2026-07-29,LH1140,VIE,MUC,124,16.0,22.0,False,Technical,196,0.889,VIE-MUC
2026-07-29,LH1207,AMS,MUC,76,11.0,10.0,False,No delay,211,0.863,AMS-MUC
2026-07-29,LH1324,HAM,VIE,72,12.0,17.0,False,No delay,207,0.821,HAM-VIE
2026-07-29,LH1354,VIE,FRA,86,11.0,13.0,False,No delay,146,0.909,VIE-FRA
2026-07-29,LH1403,AMS,BER,132,13.0,26.0,False,Late inbound,168,0.761,AMS-BER
2026-07-29,LH1416,VIE,HAM,120,0.0,3.0,False,No delay,177,0.828,VIE-HAM
2026-07-29,LH1440,DUS,MUC,104,25.0,10.0,False,No delay,161,0.857,DUS-MUC
2026-07-29,LH1593,BER,MUC,174,38.0,32.0,False,Technical,105,0.642,BER-MUC
2026-07-29,LH1608,ZRH,HAM,67,0.0,0.0,False,No delay,159,0.729,ZRH-HAM
2026-07-29,LH1796,HAM,DUS,202,0.0,0.0,False,No delay,91,0.845,HAM-DUS
2026-07-29,LH1850,AMS,ZRH,59,38.0,42.0,False,Ground handling,199,0.837,AMS-ZRH
2026-07-29,LH1860,HAM,BER,156,23.0,9.0,False,No delay,108,0.897,HAM-BER
2026-07-29,LH1893,BER,HAM,188,0.0,1.0,False,No delay,163,0.863,BER-HAM
2026-07-30,LH1144,VIE,HAM,89,16.0,18.0,False,No delay,154,0.748,VIE-HAM
2026-07-30,LH1160,ZRH,AMS,208,37.0,36.0,False,No delay,111,0.827,ZRH-AMS
2026-07-30,LH1264,DUS,HAM,82,10.0,11.0,False,No delay,95,0.826,DUS-HAM
2026-07-30,LH1346,ZRH,MUC,56,25.0,28.0,False,Late inbound,115,0.893,ZRH-MUC
2026-07-30,LH1355,FRA,HAM,113,27.0,24.0,False,Late inbound,132,0.694,FRA-HAM
2026-07-30,LH1400,ZRH,BER,208,5.0,0.0,False,No delay,143,0.842,ZRH-BER
2026-07-30,LH1510,FRA,BER,80,7.0,10.0,False,No delay,91,0.814,FRA-BER
2026-07-30,LH1554,DUS,BER,171,0.0,5.0,False,No delay,178,0.694,DUS-BER
2026-07-30,LH1690,VIE,BER,174,6.0,0.0,False,No delay,179,0.664,VIE-BER
2026-07-30,LH1771,DUS,AMS,91,17.0,25.0,False,Late inbound,162,0.846,DUS-AMS
2026-07-30,LH1809,MUC,ZRH,178,15.0,15.0,False,No delay,206,0.959,MUC-ZRH
2026-07-30,LH1819,DUS,AMS,183,0.0,0.0,False,No delay,168,0.79,DUS-AMS
